tree_id,variety,dominant_class,strat_key,B1,B2,B3,B4,new_split
DAMIMAS_A21B_0001,DAMIMAS,B3,DAMIMAS_B3,1,2,5,0,train
DAMIMAS_A21B_0002,DAMIMAS,B3,DAMIMAS_B3,1,0,7,4,train
DAMIMAS_A21B_0003,DAMIMAS,B3,DAMIMAS_B3,1,2,5,1,train
DAMIMAS_A21B_0004,DAMIMAS,B3,DAMIMAS_B3,0,0,8,0,val
DAMIMAS_A21B_0005,DAMIMAS,B2,DAMIMAS_B2,1,3,3,2,train
DAMIMAS_A21B_0006,DAMIMAS,B3,DAMIMAS_B3,1,0,5,3,train
DAMIMAS_A21B_0007,DAMIMAS,B3,DAMIMAS_B3,3,3,8,3,train
DAMIMAS_A21B_0008,DAMIMAS,B3,DAMIMAS_B3,2,3,4,0,test
DAMIMAS_A21B_0009,DAMIMAS,B3,DAMIMAS_B3,0,0,3,3,train
DAMIMAS_A21B_0010,DAMIMAS,B3,DAMIMAS_B3,0,2,6,3,train
DAMIMAS_A21B_0011,DAMIMAS,B3,DAMIMAS_B3,1,0,4,1,train
DAMIMAS_A21B_0012,DAMIMAS,B3,DAMIMAS_B3,1,2,4,2,train
DAMIMAS_A21B_0013,DAMIMAS,B3,DAMIMAS_B3,0,1,4,4,val
DAMIMAS_A21B_0014,DAMIMAS,B3,DAMIMAS_B3,1,1,4,3,train
DAMIMAS_A21B_0015,DAMIMAS,B3,DAMIMAS_B3,1,1,7,4,train
DAMIMAS_A21B_0016,DAMIMAS,B3,DAMIMAS_B3,1,0,4,0,train
DAMIMAS_A21B_0017,DAMIMAS,B4,DAMIMAS_B4,0,1,3,4,train
DAMIMAS_A21B_0018,DAMIMAS,B3,DAMIMAS_B3,1,0,3,1,train
DAMIMAS_A21B_0019,DAMIMAS,B3,DAMIMAS_B3,2,0,8,3,train
DAMIMAS_A21B_0020,DAMIMAS,B3,DAMIMAS_B3,1,1,4,3,train
DAMIMAS_A21B_0021,DAMIMAS,B3,DAMIMAS_B3,3,0,5,4,train
DAMIMAS_A21B_0022,DAMIMAS,B3,DAMIMAS_B3,0,1,5,2,train
DAMIMAS_A21B_0023,DAMIMAS,B3,DAMIMAS_B3,1,3,5,0,train
DAMIMAS_A21B_0024,DAMIMAS,B3,DAMIMAS_B3,1,0,6,3,train
DAMIMAS_A21B_0025,DAMIMAS,B3,DAMIMAS_B3,1,1,5,0,train
DAMIMAS_A21B_0026,DAMIMAS,B3,DAMIMAS_B3,0,1,4,2,train
DAMIMAS_A21B_0027,DAMIMAS,B3,DAMIMAS_B3,3,0,6,2,train
DAMIMAS_A21B_0028,DAMIMAS,B4,DAMIMAS_B4,0,1,5,6,train
DAMIMAS_A21B_0029,DAMIMAS,B3,DAMIMAS_B3,1,2,5,2,test
DAMIMAS_A21B_0030,DAMIMAS,B3,DAMIMAS_B3,0,0,5,3,train
DAMIMAS_A21B_0031,DAMIMAS,B3,DAMIMAS_B3,0,1,4,2,test
DAMIMAS_A21B_0032,DAMIMAS,B3,DAMIMAS_B3,2,1,5,3,train
DAMIMAS_A21B_0033,DAMIMAS,B3,DAMIMAS_B3,0,0,8,2,train
DAMIMAS_A21B_0034,DAMIMAS,B4,DAMIMAS_B4,0,1,3,6,train
DAMIMAS_A21B_0035,DAMIMAS,B2,DAMIMAS_B2,0,7,2,0,train
DAMIMAS_A21B_0036,DAMIMAS,B3,DAMIMAS_B3,0,1,7,0,test
DAMIMAS_A21B_0037,DAMIMAS,B3,DAMIMAS_B3,0,3,5,3,train
DAMIMAS_A21B_0038,DAMIMAS,B3,DAMIMAS_B3,2,0,5,5,test
DAMIMAS_A21B_0039,DAMIMAS,B2,DAMIMAS_B2,2,5,2,0,train
DAMIMAS_A21B_0040,DAMIMAS,B3,DAMIMAS_B3,2,2,4,3,train
DAMIMAS_A21B_0041,DAMIMAS,B3,DAMIMAS_B3,2,3,6,3,train
DAMIMAS_A21B_0042,DAMIMAS,B3,DAMIMAS_B3,2,1,4,1,train
DAMIMAS_A21B_0043,DAMIMAS,B3,DAMIMAS_B3,2,3,6,0,train
DAMIMAS_A21B_0044,DAMIMAS,B3,DAMIMAS_B3,2,1,4,1,train
DAMIMAS_A21B_0045,DAMIMAS,B3,DAMIMAS_B3,1,0,10,4,train
DAMIMAS_A21B_0046,DAMIMAS,B3,DAMIMAS_B3,0,0,3,3,train
DAMIMAS_A21B_0047,DAMIMAS,B3,DAMIMAS_B3,0,1,4,1,train
DAMIMAS_A21B_0048,DAMIMAS,B3,DAMIMAS_B3,0,1,6,3,train
DAMIMAS_A21B_0049,DAMIMAS,B3,DAMIMAS_B3,0,0,5,3,train
DAMIMAS_A21B_0050,DAMIMAS,B3,DAMIMAS_B3,2,0,3,2,train
DAMIMAS_A21B_0051,DAMIMAS,B3,DAMIMAS_B3,0,1,9,4,test
DAMIMAS_A21B_0052,DAMIMAS,B3,DAMIMAS_B3,2,3,9,1,train
DAMIMAS_A21B_0053,DAMIMAS,B3,DAMIMAS_B3,0,2,5,2,test
DAMIMAS_A21B_0054,DAMIMAS,B3,DAMIMAS_B3,0,2,5,4,train
DAMIMAS_A21B_0055,DAMIMAS,B3,DAMIMAS_B3,1,3,7,2,val
DAMIMAS_A21B_0056,DAMIMAS,B3,DAMIMAS_B3,1,1,4,2,train
DAMIMAS_A21B_0057,DAMIMAS,B3,DAMIMAS_B3,2,1,6,4,train
DAMIMAS_A21B_0058,DAMIMAS,B3,DAMIMAS_B3,1,1,3,2,train
DAMIMAS_A21B_0059,DAMIMAS,B3,DAMIMAS_B3,1,1,2,0,train
DAMIMAS_A21B_0060,DAMIMAS,B3,DAMIMAS_B3,0,1,5,1,train
DAMIMAS_A21B_0061,DAMIMAS,B3,DAMIMAS_B3,1,0,8,1,train
DAMIMAS_A21B_0062,DAMIMAS,B3,DAMIMAS_B3,0,2,3,2,train
DAMIMAS_A21B_0063,DAMIMAS,B3,DAMIMAS_B3,2,1,5,0,train
DAMIMAS_A21B_0064,DAMIMAS,B3,DAMIMAS_B3,0,1,5,0,val
DAMIMAS_A21B_0065,DAMIMAS,B3,DAMIMAS_B3,2,1,6,3,train
DAMIMAS_A21B_0066,DAMIMAS,B3,DAMIMAS_B3,2,2,5,5,train
DAMIMAS_A21B_0067,DAMIMAS,B3,DAMIMAS_B3,3,1,7,1,train
DAMIMAS_A21B_0068,DAMIMAS,B2,DAMIMAS_B2,1,4,3,2,test
DAMIMAS_A21B_0069,DAMIMAS,B3,DAMIMAS_B3,1,1,7,1,train
DAMIMAS_A21B_0070,DAMIMAS,B3,DAMIMAS_B3,0,0,5,3,train
DAMIMAS_A21B_0071,DAMIMAS,B3,DAMIMAS_B3,1,1,6,0,train
DAMIMAS_A21B_0072,DAMIMAS,B3,DAMIMAS_B3,1,3,6,1,train
DAMIMAS_A21B_0073,DAMIMAS,B4,DAMIMAS_B4,0,1,0,10,train
DAMIMAS_A21B_0074,DAMIMAS,B3,DAMIMAS_B3,0,0,2,2,val
DAMIMAS_A21B_0075,DAMIMAS,B3,DAMIMAS_B3,1,2,11,3,train
DAMIMAS_A21B_0076,DAMIMAS,B4,DAMIMAS_B4,2,2,3,4,train
DAMIMAS_A21B_0077,DAMIMAS,B3,DAMIMAS_B3,2,0,7,0,val
DAMIMAS_A21B_0078,DAMIMAS,B3,DAMIMAS_B3,1,2,6,2,train
DAMIMAS_A21B_0079,DAMIMAS,B3,DAMIMAS_B3,0,4,9,0,train
DAMIMAS_A21B_0080,DAMIMAS,B4,DAMIMAS_B4,1,2,3,5,train
DAMIMAS_A21B_0081,DAMIMAS,B3,DAMIMAS_B3,2,2,5,4,train
DAMIMAS_A21B_0082,DAMIMAS,B2,DAMIMAS_B2,0,3,3,1,train
DAMIMAS_A21B_0083,DAMIMAS,B3,DAMIMAS_B3,0,3,8,0,test
DAMIMAS_A21B_0084,DAMIMAS,B3,DAMIMAS_B3,0,0,5,0,train
DAMIMAS_A21B_0085,DAMIMAS,B3,DAMIMAS_B3,0,2,9,3,val
DAMIMAS_A21B_0086,DAMIMAS,B3,DAMIMAS_B3,1,1,6,1,train
DAMIMAS_A21B_0087,DAMIMAS,B3,DAMIMAS_B3,1,2,8,1,train
DAMIMAS_A21B_0088,DAMIMAS,B3,DAMIMAS_B3,0,4,5,1,train
DAMIMAS_A21B_0089,DAMIMAS,B3,DAMIMAS_B3,0,1,7,3,train
DAMIMAS_A21B_0090,DAMIMAS,B3,DAMIMAS_B3,0,1,2,1,train
DAMIMAS_A21B_0091,DAMIMAS,B3,DAMIMAS_B3,0,3,7,0,train
DAMIMAS_A21B_0092,DAMIMAS,B3,DAMIMAS_B3,0,4,5,3,test
DAMIMAS_A21B_0093,DAMIMAS,B3,DAMIMAS_B3,0,0,7,2,test
DAMIMAS_A21B_0094,DAMIMAS,B3,DAMIMAS_B3,1,0,7,7,train
DAMIMAS_A21B_0095,DAMIMAS,B2,DAMIMAS_B2,1,4,3,0,train
DAMIMAS_A21B_0096,DAMIMAS,B4,DAMIMAS_B4,2,0,2,6,train
DAMIMAS_A21B_0097,DAMIMAS,B3,DAMIMAS_B3,1,2,6,3,train
DAMIMAS_A21B_0098,DAMIMAS,B4,DAMIMAS_B4,0,1,4,5,train
DAMIMAS_A21B_0099,DAMIMAS,B3,DAMIMAS_B3,2,4,5,1,train
DAMIMAS_A21B_0100,DAMIMAS,B4,DAMIMAS_B4,1,2,5,7,train
DAMIMAS_A21B_0101,DAMIMAS,B2,DAMIMAS_B2,1,3,3,0,train
DAMIMAS_A21B_0102,DAMIMAS,B3,DAMIMAS_B3,0,0,7,1,train
DAMIMAS_A21B_0103,DAMIMAS,B3,DAMIMAS_B3,1,5,11,0,train
DAMIMAS_A21B_0104,DAMIMAS,B3,DAMIMAS_B3,2,3,5,5,train
DAMIMAS_A21B_0105,DAMIMAS,B3,DAMIMAS_B3,2,2,8,1,train
DAMIMAS_A21B_0106,DAMIMAS,B3,DAMIMAS_B3,2,0,5,4,test
DAMIMAS_A21B_0107,DAMIMAS,B3,DAMIMAS_B3,3,4,10,2,train
DAMIMAS_A21B_0108,DAMIMAS,B3,DAMIMAS_B3,1,3,4,1,train
DAMIMAS_A21B_0109,DAMIMAS,B3,DAMIMAS_B3,1,2,5,3,train
DAMIMAS_A21B_0110,DAMIMAS,B3,DAMIMAS_B3,0,0,2,2,val
DAMIMAS_A21B_0111,DAMIMAS,B3,DAMIMAS_B3,0,1,8,3,test
DAMIMAS_A21B_0112,DAMIMAS,B3,DAMIMAS_B3,0,2,4,0,test
DAMIMAS_A21B_0113,DAMIMAS,B3,DAMIMAS_B3,0,1,6,1,train
DAMIMAS_A21B_0114,DAMIMAS,B3,DAMIMAS_B3,0,1,3,0,train
DAMIMAS_A21B_0115,DAMIMAS,B3,DAMIMAS_B3,0,1,2,0,train
DAMIMAS_A21B_0116,DAMIMAS,B3,DAMIMAS_B3,0,2,5,5,test
DAMIMAS_A21B_0117,DAMIMAS,B3,DAMIMAS_B3,0,0,3,1,train
DAMIMAS_A21B_0118,DAMIMAS,B4,DAMIMAS_B4,1,1,2,7,train
DAMIMAS_A21B_0119,DAMIMAS,B2,DAMIMAS_B2,2,4,2,0,train
DAMIMAS_A21B_0120,DAMIMAS,B4,DAMIMAS_B4,1,0,1,3,train
DAMIMAS_A21B_0121,DAMIMAS,B3,DAMIMAS_B3,0,3,5,2,train
DAMIMAS_A21B_0122,DAMIMAS,B4,DAMIMAS_B4,1,1,1,5,train
DAMIMAS_A21B_0123,DAMIMAS,B2,DAMIMAS_B2,0,6,3,0,train
DAMIMAS_A21B_0124,DAMIMAS,B3,DAMIMAS_B3,0,1,6,2,train
DAMIMAS_A21B_0125,DAMIMAS,B3,DAMIMAS_B3,1,2,5,1,test
DAMIMAS_A21B_0126,DAMIMAS,B3,DAMIMAS_B3,2,0,4,4,test
DAMIMAS_A21B_0127,DAMIMAS,B3,DAMIMAS_B3,0,2,5,5,train
DAMIMAS_A21B_0128,DAMIMAS,B3,DAMIMAS_B3,0,1,4,3,train
DAMIMAS_A21B_0129,DAMIMAS,B3,DAMIMAS_B3,0,0,4,1,train
DAMIMAS_A21B_0130,DAMIMAS,B4,DAMIMAS_B4,1,1,2,5,train
DAMIMAS_A21B_0131,DAMIMAS,B3,DAMIMAS_B3,0,1,6,2,val
DAMIMAS_A21B_0132,DAMIMAS,B4,DAMIMAS_B4,1,1,1,6,train
DAMIMAS_A21B_0133,DAMIMAS,B3,DAMIMAS_B3,0,0,7,2,train
DAMIMAS_A21B_0134,DAMIMAS,B3,DAMIMAS_B3,0,2,4,0,train
DAMIMAS_A21B_0135,DAMIMAS,B2,DAMIMAS_B2,0,5,3,2,train
DAMIMAS_A21B_0136,DAMIMAS,B3,DAMIMAS_B3,0,0,7,3,train
DAMIMAS_A21B_0137,DAMIMAS,B3,DAMIMAS_B3,0,2,8,0,val
DAMIMAS_A21B_0138,DAMIMAS,B3,DAMIMAS_B3,0,1,3,2,train
DAMIMAS_A21B_0139,DAMIMAS,B3,DAMIMAS_B3,0,2,5,1,test
DAMIMAS_A21B_0140,DAMIMAS,B4,DAMIMAS_B4,1,3,4,5,train
DAMIMAS_A21B_0141,DAMIMAS,B3,DAMIMAS_B3,0,0,7,2,train
DAMIMAS_A21B_0142,DAMIMAS,B3,DAMIMAS_B3,0,1,3,1,train
DAMIMAS_A21B_0143,DAMIMAS,B3,DAMIMAS_B3,0,0,7,1,val
DAMIMAS_A21B_0144,DAMIMAS,B3,DAMIMAS_B3,0,1,6,2,train
DAMIMAS_A21B_0145,DAMIMAS,B3,DAMIMAS_B3,1,0,5,4,train
DAMIMAS_A21B_0146,DAMIMAS,B3,DAMIMAS_B3,0,3,6,2,train
DAMIMAS_A21B_0147,DAMIMAS,B3,DAMIMAS_B3,0,2,8,2,train
DAMIMAS_A21B_0148,DAMIMAS,B2,DAMIMAS_B2,0,3,3,3,train
DAMIMAS_A21B_0149,DAMIMAS,B3,DAMIMAS_B3,0,1,9,1,train
DAMIMAS_A21B_0150,DAMIMAS,B3,DAMIMAS_B3,0,2,8,4,train
DAMIMAS_A21B_0151,DAMIMAS,B3,DAMIMAS_B3,0,1,5,4,train
DAMIMAS_A21B_0152,DAMIMAS,B3,DAMIMAS_B3,0,2,5,3,train
DAMIMAS_A21B_0153,DAMIMAS,B3,DAMIMAS_B3,0,0,7,1,train
DAMIMAS_A21B_0154,DAMIMAS,B4,DAMIMAS_B4,0,2,4,7,train
DAMIMAS_A21B_0155,DAMIMAS,B3,DAMIMAS_B3,1,3,5,3,test
DAMIMAS_A21B_0156,DAMIMAS,B3,DAMIMAS_B3,1,1,4,3,train
DAMIMAS_A21B_0157,DAMIMAS,B3,DAMIMAS_B3,0,3,7,4,train
DAMIMAS_A21B_0158,DAMIMAS,B3,DAMIMAS_B3,0,2,5,3,train
DAMIMAS_A21B_0159,DAMIMAS,B4,DAMIMAS_B4,1,0,1,3,train
DAMIMAS_A21B_0160,DAMIMAS,B2,DAMIMAS_B2,0,3,3,0,train
DAMIMAS_A21B_0161,DAMIMAS,B3,DAMIMAS_B3,0,0,10,4,train
DAMIMAS_A21B_0162,DAMIMAS,B3,DAMIMAS_B3,0,0,4,4,train
DAMIMAS_A21B_0163,DAMIMAS,B3,DAMIMAS_B3,1,1,8,5,train
DAMIMAS_A21B_0164,DAMIMAS,B3,DAMIMAS_B3,0,1,6,5,train
DAMIMAS_A21B_0165,DAMIMAS,B3,DAMIMAS_B3,0,3,5,3,train
DAMIMAS_A21B_0166,DAMIMAS,B3,DAMIMAS_B3,1,1,6,2,train
DAMIMAS_A21B_0167,DAMIMAS,B3,DAMIMAS_B3,2,2,4,3,train
DAMIMAS_A21B_0168,DAMIMAS,B4,DAMIMAS_B4,1,1,4,6,test
DAMIMAS_A21B_0169,DAMIMAS,B3,DAMIMAS_B3,0,1,12,3,train
DAMIMAS_A21B_0170,DAMIMAS,B3,DAMIMAS_B3,1,1,6,5,train
DAMIMAS_A21B_0171,DAMIMAS,B3,DAMIMAS_B3,0,0,7,1,train
DAMIMAS_A21B_0172,DAMIMAS,B3,DAMIMAS_B3,1,0,6,4,val
DAMIMAS_A21B_0173,DAMIMAS,B3,DAMIMAS_B3,1,1,9,1,test
DAMIMAS_A21B_0174,DAMIMAS,B3,DAMIMAS_B3,0,2,9,4,train
DAMIMAS_A21B_0175,DAMIMAS,B3,DAMIMAS_B3,1,3,6,0,train
DAMIMAS_A21B_0176,DAMIMAS,B3,DAMIMAS_B3,2,1,4,4,train
DAMIMAS_A21B_0177,DAMIMAS,B3,DAMIMAS_B3,0,4,10,3,val
DAMIMAS_A21B_0178,DAMIMAS,B3,DAMIMAS_B3,1,2,4,3,train
DAMIMAS_A21B_0179,DAMIMAS,B3,DAMIMAS_B3,0,1,7,3,train
DAMIMAS_A21B_0180,DAMIMAS,B3,DAMIMAS_B3,0,1,7,4,train
DAMIMAS_A21B_0181,DAMIMAS,B3,DAMIMAS_B3,0,0,8,3,train
DAMIMAS_A21B_0182,DAMIMAS,B3,DAMIMAS_B3,0,3,5,2,train
DAMIMAS_A21B_0183,DAMIMAS,B3,DAMIMAS_B3,0,3,10,1,train
DAMIMAS_A21B_0184,DAMIMAS,B3,DAMIMAS_B3,0,0,5,0,train
DAMIMAS_A21B_0185,DAMIMAS,B3,DAMIMAS_B3,0,2,6,3,train
DAMIMAS_A21B_0186,DAMIMAS,B3,DAMIMAS_B3,0,1,6,0,train
DAMIMAS_A21B_0187,DAMIMAS,B3,DAMIMAS_B3,0,1,3,0,val
DAMIMAS_A21B_0188,DAMIMAS,B3,DAMIMAS_B3,0,2,3,1,train
DAMIMAS_A21B_0189,DAMIMAS,B2,DAMIMAS_B2,0,4,1,0,train
DAMIMAS_A21B_0190,DAMIMAS,B2,DAMIMAS_B2,0,4,4,1,train
DAMIMAS_A21B_0191,DAMIMAS,B2,DAMIMAS_B2,0,5,3,0,train
DAMIMAS_A21B_0192,DAMIMAS,B3,DAMIMAS_B3,0,0,6,0,train
DAMIMAS_A21B_0193,DAMIMAS,B3,DAMIMAS_B3,0,0,8,6,test
DAMIMAS_A21B_0194,DAMIMAS,B3,DAMIMAS_B3,0,0,6,1,train
DAMIMAS_A21B_0195,DAMIMAS,B3,DAMIMAS_B3,1,2,5,0,val
DAMIMAS_A21B_0196,DAMIMAS,B4,DAMIMAS_B4,0,1,2,4,train
DAMIMAS_A21B_0197,DAMIMAS,B3,DAMIMAS_B3,0,0,7,2,train
DAMIMAS_A21B_0198,DAMIMAS,B3,DAMIMAS_B3,1,0,7,2,test
DAMIMAS_A21B_0199,DAMIMAS,B3,DAMIMAS_B3,1,2,7,0,train
DAMIMAS_A21B_0200,DAMIMAS,B3,DAMIMAS_B3,0,1,4,1,train
DAMIMAS_A21B_0201,DAMIMAS,B3,DAMIMAS_B3,1,0,7,1,val
DAMIMAS_A21B_0202,DAMIMAS,B3,DAMIMAS_B3,1,1,3,1,val
DAMIMAS_A21B_0203,DAMIMAS,B3,DAMIMAS_B3,0,1,5,0,train
DAMIMAS_A21B_0204,DAMIMAS,B3,DAMIMAS_B3,1,1,6,1,train
DAMIMAS_A21B_0205,DAMIMAS,B3,DAMIMAS_B3,0,0,7,0,train
DAMIMAS_A21B_0206,DAMIMAS,B3,DAMIMAS_B3,0,2,7,1,train
DAMIMAS_A21B_0207,DAMIMAS,B3,DAMIMAS_B3,3,1,6,0,train
DAMIMAS_A21B_0208,DAMIMAS,B3,DAMIMAS_B3,0,3,6,1,train
DAMIMAS_A21B_0209,DAMIMAS,B3,DAMIMAS_B3,0,1,6,1,train
DAMIMAS_A21B_0210,DAMIMAS,B3,DAMIMAS_B3,1,1,7,1,val
DAMIMAS_A21B_0211,DAMIMAS,B3,DAMIMAS_B3,0,5,7,1,train
DAMIMAS_A21B_0212,DAMIMAS,B3,DAMIMAS_B3,1,0,5,3,train
DAMIMAS_A21B_0213,DAMIMAS,B3,DAMIMAS_B3,0,2,7,3,train
DAMIMAS_A21B_0214,DAMIMAS,B4,DAMIMAS_B4,1,1,5,6,train
DAMIMAS_A21B_0215,DAMIMAS,B3,DAMIMAS_B3,3,2,4,1,train
DAMIMAS_A21B_0216,DAMIMAS,B3,DAMIMAS_B3,2,0,7,2,train
DAMIMAS_A21B_0217,DAMIMAS,B3,DAMIMAS_B3,1,2,7,1,train
DAMIMAS_A21B_0218,DAMIMAS,B4,DAMIMAS_B4,0,2,2,7,train
DAMIMAS_A21B_0219,DAMIMAS,B3,DAMIMAS_B3,2,2,6,2,val
DAMIMAS_A21B_0220,DAMIMAS,B3,DAMIMAS_B3,0,2,3,0,train
DAMIMAS_A21B_0221,DAMIMAS,B3,DAMIMAS_B3,2,4,7,4,train
DAMIMAS_A21B_0222,DAMIMAS,B3,DAMIMAS_B3,1,1,5,5,train
DAMIMAS_A21B_0223,DAMIMAS,B3,DAMIMAS_B3,1,3,7,0,train
DAMIMAS_A21B_0224,DAMIMAS,B3,DAMIMAS_B3,1,2,5,2,train
DAMIMAS_A21B_0225,DAMIMAS,B3,DAMIMAS_B3,1,1,4,0,train
DAMIMAS_A21B_0226,DAMIMAS,B3,DAMIMAS_B3,0,0,6,3,train
DAMIMAS_A21B_0227,DAMIMAS,B4,DAMIMAS_B4,1,0,1,5,train
DAMIMAS_A21B_0228,DAMIMAS,B4,DAMIMAS_B4,2,2,3,4,train
DAMIMAS_A21B_0229,DAMIMAS,B3,DAMIMAS_B3,2,0,7,2,train
DAMIMAS_A21B_0230,DAMIMAS,B1,DAMIMAS_B1,0,0,0,0,train
DAMIMAS_A21B_0231,DAMIMAS,B3,DAMIMAS_B3,0,0,5,3,train
DAMIMAS_A21B_0232,DAMIMAS,B4,DAMIMAS_B4,0,0,2,4,train
DAMIMAS_A21B_0233,DAMIMAS,B3,DAMIMAS_B3,0,0,9,4,train
DAMIMAS_A21B_0234,DAMIMAS,B3,DAMIMAS_B3,0,0,6,5,train
DAMIMAS_A21B_0235,DAMIMAS,B3,DAMIMAS_B3,0,3,8,1,train
DAMIMAS_A21B_0236,DAMIMAS,B3,DAMIMAS_B3,0,3,8,3,train
DAMIMAS_A21B_0237,DAMIMAS,B3,DAMIMAS_B3,1,2,3,1,test
DAMIMAS_A21B_0238,DAMIMAS,B3,DAMIMAS_B3,2,1,6,3,train
DAMIMAS_A21B_0239,DAMIMAS,B2,DAMIMAS_B2,0,4,4,0,train
DAMIMAS_A21B_0240,DAMIMAS,B2,DAMIMAS_B2,0,5,2,1,val
DAMIMAS_A21B_0241,DAMIMAS,B3,DAMIMAS_B3,1,2,5,0,train
DAMIMAS_A21B_0242,DAMIMAS,B3,DAMIMAS_B3,0,2,5,1,train
DAMIMAS_A21B_0243,DAMIMAS,B2,DAMIMAS_B2,1,4,3,1,train
DAMIMAS_A21B_0244,DAMIMAS,B4,DAMIMAS_B4,0,0,0,7,train
DAMIMAS_A21B_0245,DAMIMAS,B3,DAMIMAS_B3,0,0,3,2,train
DAMIMAS_A21B_0246,DAMIMAS,B2,DAMIMAS_B2,0,6,6,4,train
DAMIMAS_A21B_0247,DAMIMAS,B3,DAMIMAS_B3,2,3,5,0,train
DAMIMAS_A21B_0248,DAMIMAS,B3,DAMIMAS_B3,0,2,5,4,train
DAMIMAS_A21B_0249,DAMIMAS,B3,DAMIMAS_B3,0,1,9,0,test
DAMIMAS_A21B_0250,DAMIMAS,B3,DAMIMAS_B3,2,1,8,8,train
DAMIMAS_A21B_0251,DAMIMAS,B3,DAMIMAS_B3,1,4,6,2,train
DAMIMAS_A21B_0252,DAMIMAS,B3,DAMIMAS_B3,0,2,6,2,train
DAMIMAS_A21B_0253,DAMIMAS,B3,DAMIMAS_B3,0,2,4,0,train
DAMIMAS_A21B_0254,DAMIMAS,B3,DAMIMAS_B3,0,2,6,3,train
DAMIMAS_A21B_0255,DAMIMAS,B3,DAMIMAS_B3,1,2,6,1,train
DAMIMAS_A21B_0256,DAMIMAS,B3,DAMIMAS_B3,0,0,2,0,train
DAMIMAS_A21B_0257,DAMIMAS,B3,DAMIMAS_B3,1,4,7,1,train
DAMIMAS_A21B_0258,DAMIMAS,B3,DAMIMAS_B3,0,2,7,2,train
DAMIMAS_A21B_0259,DAMIMAS,B2,DAMIMAS_B2,1,8,3,0,train
DAMIMAS_A21B_0260,DAMIMAS,B2,DAMIMAS_B2,1,5,3,2,train
DAMIMAS_A21B_0261,DAMIMAS,B2,DAMIMAS_B2,3,5,5,3,val
DAMIMAS_A21B_0262,DAMIMAS,B3,DAMIMAS_B3,2,2,7,2,train
DAMIMAS_A21B_0263,DAMIMAS,B2,DAMIMAS_B2,0,7,3,1,train
DAMIMAS_A21B_0264,DAMIMAS,B3,DAMIMAS_B3,3,2,7,0,val
DAMIMAS_A21B_0265,DAMIMAS,B3,DAMIMAS_B3,1,2,8,1,train
DAMIMAS_A21B_0266,DAMIMAS,B3,DAMIMAS_B3,2,1,9,0,val
DAMIMAS_A21B_0267,DAMIMAS,B2,DAMIMAS_B2,1,5,4,2,train
DAMIMAS_A21B_0268,DAMIMAS,B2,DAMIMAS_B2,2,6,5,6,train
DAMIMAS_A21B_0269,DAMIMAS,B3,DAMIMAS_B3,0,0,5,0,val
DAMIMAS_A21B_0270,DAMIMAS,B3,DAMIMAS_B3,1,2,7,0,train
DAMIMAS_A21B_0271,DAMIMAS,B2,DAMIMAS_B2,0,6,6,3,train
DAMIMAS_A21B_0272,DAMIMAS,B3,DAMIMAS_B3,1,1,5,2,train
DAMIMAS_A21B_0273,DAMIMAS,B3,DAMIMAS_B3,0,1,6,0,test
DAMIMAS_A21B_0274,DAMIMAS,B3,DAMIMAS_B3,0,1,8,3,train
DAMIMAS_A21B_0275,DAMIMAS,B3,DAMIMAS_B3,3,4,8,2,train
DAMIMAS_A21B_0276,DAMIMAS,B3,DAMIMAS_B3,1,1,3,0,test
DAMIMAS_A21B_0277,DAMIMAS,B3,DAMIMAS_B3,1,3,5,0,val
DAMIMAS_A21B_0278,DAMIMAS,B3,DAMIMAS_B3,2,4,6,0,test
DAMIMAS_A21B_0279,DAMIMAS,B3,DAMIMAS_B3,0,5,9,1,train
DAMIMAS_A21B_0280,DAMIMAS,B3,DAMIMAS_B3,2,3,4,4,train
DAMIMAS_A21B_0281,DAMIMAS,B3,DAMIMAS_B3,0,0,10,5,test
DAMIMAS_A21B_0282,DAMIMAS,B3,DAMIMAS_B3,4,0,6,0,train
DAMIMAS_A21B_0283,DAMIMAS,B3,DAMIMAS_B3,2,1,7,1,train
DAMIMAS_A21B_0284,DAMIMAS,B3,DAMIMAS_B3,1,2,3,1,train
DAMIMAS_A21B_0285,DAMIMAS,B3,DAMIMAS_B3,4,2,7,5,train
DAMIMAS_A21B_0286,DAMIMAS,B3,DAMIMAS_B3,1,3,5,1,test
DAMIMAS_A21B_0287,DAMIMAS,B2,DAMIMAS_B2,2,3,0,0,train
DAMIMAS_A21B_0288,DAMIMAS,B3,DAMIMAS_B3,1,2,6,4,val
DAMIMAS_A21B_0289,DAMIMAS,B3,DAMIMAS_B3,1,2,7,0,train
DAMIMAS_A21B_0290,DAMIMAS,B3,DAMIMAS_B3,0,1,7,0,train
DAMIMAS_A21B_0291,DAMIMAS,B2,DAMIMAS_B2,3,5,5,3,train
DAMIMAS_A21B_0292,DAMIMAS,B3,DAMIMAS_B3,0,3,7,4,train
DAMIMAS_A21B_0293,DAMIMAS,B3,DAMIMAS_B3,0,2,7,4,test
DAMIMAS_A21B_0294,DAMIMAS,B3,DAMIMAS_B3,0,2,10,3,train
DAMIMAS_A21B_0295,DAMIMAS,B3,DAMIMAS_B3,0,3,7,2,train
DAMIMAS_A21B_0296,DAMIMAS,B2,DAMIMAS_B2,1,3,1,0,test
DAMIMAS_A21B_0297,DAMIMAS,B3,DAMIMAS_B3,0,0,7,2,train
DAMIMAS_A21B_0298,DAMIMAS,B3,DAMIMAS_B3,1,0,6,3,train
DAMIMAS_A21B_0299,DAMIMAS,B3,DAMIMAS_B3,1,2,6,0,train
DAMIMAS_A21B_0300,DAMIMAS,B3,DAMIMAS_B3,1,0,5,2,train
DAMIMAS_A21B_0301,DAMIMAS,B3,DAMIMAS_B3,1,1,9,2,train
DAMIMAS_A21B_0302,DAMIMAS,B3,DAMIMAS_B3,1,1,7,0,train
DAMIMAS_A21B_0303,DAMIMAS,B3,DAMIMAS_B3,0,0,10,0,train
DAMIMAS_A21B_0304,DAMIMAS,B3,DAMIMAS_B3,0,1,4,4,train
DAMIMAS_A21B_0305,DAMIMAS,B3,DAMIMAS_B3,2,4,6,2,train
DAMIMAS_A21B_0306,DAMIMAS,B3,DAMIMAS_B3,1,0,4,0,test
DAMIMAS_A21B_0307,DAMIMAS,B3,DAMIMAS_B3,1,1,5,0,train
DAMIMAS_A21B_0308,DAMIMAS,B3,DAMIMAS_B3,1,1,3,3,val
DAMIMAS_A21B_0309,DAMIMAS,B3,DAMIMAS_B3,1,2,4,2,train
DAMIMAS_A21B_0310,DAMIMAS,B3,DAMIMAS_B3,1,0,9,0,train
DAMIMAS_A21B_0311,DAMIMAS,B3,DAMIMAS_B3,0,1,2,0,train
DAMIMAS_A21B_0312,DAMIMAS,B3,DAMIMAS_B3,0,1,6,2,train
DAMIMAS_A21B_0313,DAMIMAS,B3,DAMIMAS_B3,2,1,7,2,val
DAMIMAS_A21B_0314,DAMIMAS,B3,DAMIMAS_B3,0,1,8,2,train
DAMIMAS_A21B_0315,DAMIMAS,B2,DAMIMAS_B2,1,8,7,0,train
DAMIMAS_A21B_0316,DAMIMAS,B3,DAMIMAS_B3,1,2,6,4,train
DAMIMAS_A21B_0317,DAMIMAS,B3,DAMIMAS_B3,0,1,6,0,train
DAMIMAS_A21B_0318,DAMIMAS,B3,DAMIMAS_B3,0,0,8,4,train
DAMIMAS_A21B_0319,DAMIMAS,B3,DAMIMAS_B3,0,2,4,0,train
DAMIMAS_A21B_0320,DAMIMAS,B3,DAMIMAS_B3,3,3,6,4,train
DAMIMAS_A21B_0321,DAMIMAS,B3,DAMIMAS_B3,2,4,6,1,train
DAMIMAS_A21B_0322,DAMIMAS,B1,DAMIMAS_B1,0,0,0,0,train
DAMIMAS_A21B_0323,DAMIMAS,B3,DAMIMAS_B3,0,0,3,0,train
DAMIMAS_A21B_0324,DAMIMAS,B3,DAMIMAS_B3,0,0,6,0,train
DAMIMAS_A21B_0325,DAMIMAS,B3,DAMIMAS_B3,0,2,4,1,train
DAMIMAS_A21B_0326,DAMIMAS,B3,DAMIMAS_B3,0,0,5,2,train
DAMIMAS_A21B_0327,DAMIMAS,B3,DAMIMAS_B3,1,1,5,0,val
DAMIMAS_A21B_0328,DAMIMAS,B3,DAMIMAS_B3,0,1,4,2,test
DAMIMAS_A21B_0329,DAMIMAS,B3,DAMIMAS_B3,1,0,2,0,val
DAMIMAS_A21B_0330,DAMIMAS,B3,DAMIMAS_B3,2,1,8,0,train
DAMIMAS_A21B_0331,DAMIMAS,B3,DAMIMAS_B3,0,1,6,0,val
DAMIMAS_A21B_0332,DAMIMAS,B3,DAMIMAS_B3,0,0,4,2,val
DAMIMAS_A21B_0333,DAMIMAS,B3,DAMIMAS_B3,1,1,2,0,train
DAMIMAS_A21B_0334,DAMIMAS,B3,DAMIMAS_B3,2,0,8,4,val
DAMIMAS_A21B_0335,DAMIMAS,B1,DAMIMAS_B1,2,0,2,0,train
DAMIMAS_A21B_0336,DAMIMAS,B3,DAMIMAS_B3,1,0,6,4,train
DAMIMAS_A21B_0337,DAMIMAS,B3,DAMIMAS_B3,0,0,6,2,train
DAMIMAS_A21B_0338,DAMIMAS,B3,DAMIMAS_B3,0,0,7,4,train
DAMIMAS_A21B_0339,DAMIMAS,B2,DAMIMAS_B2,2,3,3,0,train
DAMIMAS_A21B_0340,DAMIMAS,B1,DAMIMAS_B1,1,1,1,0,train
DAMIMAS_A21B_0341,DAMIMAS,B3,DAMIMAS_B3,0,1,6,1,train
DAMIMAS_A21B_0342,DAMIMAS,B3,DAMIMAS_B3,0,2,4,4,test
DAMIMAS_A21B_0343,DAMIMAS,B3,DAMIMAS_B3,0,3,4,0,train
DAMIMAS_A21B_0344,DAMIMAS,B3,DAMIMAS_B3,0,3,6,2,train
DAMIMAS_A21B_0345,DAMIMAS,B3,DAMIMAS_B3,1,1,4,1,test
DAMIMAS_A21B_0346,DAMIMAS,B3,DAMIMAS_B3,1,1,6,2,train
DAMIMAS_A21B_0347,DAMIMAS,B3,DAMIMAS_B3,2,2,4,1,train
DAMIMAS_A21B_0348,DAMIMAS,B4,DAMIMAS_B4,2,0,4,7,train
DAMIMAS_A21B_0349,DAMIMAS,B2,DAMIMAS_B2,0,2,2,2,train
DAMIMAS_A21B_0350,DAMIMAS,B3,DAMIMAS_B3,1,2,3,0,train
DAMIMAS_A21B_0351,DAMIMAS,B3,DAMIMAS_B3,2,4,6,1,train
DAMIMAS_A21B_0352,DAMIMAS,B3,DAMIMAS_B3,1,1,6,4,train
DAMIMAS_A21B_0353,DAMIMAS,B3,DAMIMAS_B3,2,1,5,0,train
DAMIMAS_A21B_0354,DAMIMAS,B3,DAMIMAS_B3,1,1,16,0,train
DAMIMAS_A21B_0355,DAMIMAS,B3,DAMIMAS_B3,2,4,7,2,train
DAMIMAS_A21B_0356,DAMIMAS,B2,DAMIMAS_B2,1,3,3,2,train
DAMIMAS_A21B_0357,DAMIMAS,B3,DAMIMAS_B3,0,1,9,2,train
DAMIMAS_A21B_0358,DAMIMAS,B3,DAMIMAS_B3,1,0,9,4,train
DAMIMAS_A21B_0359,DAMIMAS,B3,DAMIMAS_B3,2,2,5,2,train
DAMIMAS_A21B_0360,DAMIMAS,B4,DAMIMAS_B4,3,2,4,6,train
DAMIMAS_A21B_0361,DAMIMAS,B3,DAMIMAS_B3,1,1,6,5,test
DAMIMAS_A21B_0362,DAMIMAS,B3,DAMIMAS_B3,0,0,5,2,train
DAMIMAS_A21B_0363,DAMIMAS,B2,DAMIMAS_B2,0,5,1,2,train
DAMIMAS_A21B_0364,DAMIMAS,B3,DAMIMAS_B3,2,3,6,2,train
DAMIMAS_A21B_0365,DAMIMAS,B3,DAMIMAS_B3,2,2,9,3,train
DAMIMAS_A21B_0366,DAMIMAS,B3,DAMIMAS_B3,0,0,5,2,test
DAMIMAS_A21B_0367,DAMIMAS,B3,DAMIMAS_B3,0,4,6,2,train
DAMIMAS_A21B_0368,DAMIMAS,B3,DAMIMAS_B3,3,3,6,4,train
DAMIMAS_A21B_0369,DAMIMAS,B3,DAMIMAS_B3,1,0,4,2,train
DAMIMAS_A21B_0370,DAMIMAS,B3,DAMIMAS_B3,2,0,6,2,train
DAMIMAS_A21B_0371,DAMIMAS,B3,DAMIMAS_B3,1,3,7,0,train
DAMIMAS_A21B_0372,DAMIMAS,B3,DAMIMAS_B3,2,2,5,3,train
DAMIMAS_A21B_0373,DAMIMAS,B3,DAMIMAS_B3,3,0,7,2,train
DAMIMAS_A21B_0374,DAMIMAS,B3,DAMIMAS_B3,1,1,10,2,train
DAMIMAS_A21B_0375,DAMIMAS,B2,DAMIMAS_B2,1,6,4,0,test
DAMIMAS_A21B_0376,DAMIMAS,B3,DAMIMAS_B3,1,0,7,2,train
DAMIMAS_A21B_0377,DAMIMAS,B3,DAMIMAS_B3,1,0,6,0,train
DAMIMAS_A21B_0378,DAMIMAS,B3,DAMIMAS_B3,3,1,8,3,train
DAMIMAS_A21B_0379,DAMIMAS,B1,DAMIMAS_B1,1,1,1,0,train
DAMIMAS_A21B_0380,DAMIMAS,B4,DAMIMAS_B4,2,1,4,5,val
DAMIMAS_A21B_0381,DAMIMAS,B3,DAMIMAS_B3,3,0,7,4,train
DAMIMAS_A21B_0382,DAMIMAS,B4,DAMIMAS_B4,3,0,5,8,train
DAMIMAS_A21B_0383,DAMIMAS,B2,DAMIMAS_B2,2,6,4,2,train
DAMIMAS_A21B_0384,DAMIMAS,B3,DAMIMAS_B3,2,3,6,3,train
DAMIMAS_A21B_0385,DAMIMAS,B3,DAMIMAS_B3,1,2,9,4,train
DAMIMAS_A21B_0386,DAMIMAS,B2,DAMIMAS_B2,0,2,2,0,train
DAMIMAS_A21B_0387,DAMIMAS,B2,DAMIMAS_B2,3,5,1,0,train
DAMIMAS_A21B_0388,DAMIMAS,B3,DAMIMAS_B3,1,0,4,2,train
DAMIMAS_A21B_0389,DAMIMAS,B3,DAMIMAS_B3,0,3,11,3,train
DAMIMAS_A21B_0390,DAMIMAS,B3,DAMIMAS_B3,1,3,7,7,train
DAMIMAS_A21B_0391,DAMIMAS,B2,DAMIMAS_B2,2,7,1,0,train
DAMIMAS_A21B_0392,DAMIMAS,B2,DAMIMAS_B2,2,5,3,3,train
DAMIMAS_A21B_0393,DAMIMAS,B3,DAMIMAS_B3,2,1,11,1,train
DAMIMAS_A21B_0394,DAMIMAS,B3,DAMIMAS_B3,2,0,7,4,train
DAMIMAS_A21B_0395,DAMIMAS,B2,DAMIMAS_B2,3,7,4,0,train
DAMIMAS_A21B_0396,DAMIMAS,B3,DAMIMAS_B3,3,3,6,4,train
DAMIMAS_A21B_0397,DAMIMAS,B3,DAMIMAS_B3,1,2,6,2,train
DAMIMAS_A21B_0398,DAMIMAS,B3,DAMIMAS_B3,2,1,10,3,val
DAMIMAS_A21B_0399,DAMIMAS,B1,DAMIMAS_B1,3,3,3,1,train
DAMIMAS_A21B_0400,DAMIMAS,B2,DAMIMAS_B2,0,4,2,4,train
DAMIMAS_A21B_0401,DAMIMAS,B3,DAMIMAS_B3,0,0,8,2,val
DAMIMAS_A21B_0402,DAMIMAS,B3,DAMIMAS_B3,0,1,8,2,train
DAMIMAS_A21B_0403,DAMIMAS,B2,DAMIMAS_B2,2,5,4,3,train
DAMIMAS_A21B_0404,DAMIMAS,B1,DAMIMAS_B1,3,3,3,0,train
DAMIMAS_A21B_0405,DAMIMAS,B3,DAMIMAS_B3,1,1,6,1,train
DAMIMAS_A21B_0406,DAMIMAS,B3,DAMIMAS_B3,1,0,6,3,train
DAMIMAS_A21B_0407,DAMIMAS,B3,DAMIMAS_B3,2,4,7,1,train
DAMIMAS_A21B_0408,DAMIMAS,B2,DAMIMAS_B2,2,6,3,0,test
DAMIMAS_A21B_0409,DAMIMAS,B3,DAMIMAS_B3,3,0,6,0,train
DAMIMAS_A21B_0410,DAMIMAS,B3,DAMIMAS_B3,2,1,13,2,train
DAMIMAS_A21B_0411,DAMIMAS,B3,DAMIMAS_B3,2,4,5,0,train
DAMIMAS_A21B_0412,DAMIMAS,B2,DAMIMAS_B2,1,5,2,0,train
DAMIMAS_A21B_0413,DAMIMAS,B3,DAMIMAS_B3,1,2,9,3,train
DAMIMAS_A21B_0414,DAMIMAS,B3,DAMIMAS_B3,0,0,5,0,val
DAMIMAS_A21B_0415,DAMIMAS,B3,DAMIMAS_B3,1,4,5,1,train
DAMIMAS_A21B_0416,DAMIMAS,B3,DAMIMAS_B3,2,4,5,3,train
DAMIMAS_A21B_0417,DAMIMAS,B3,DAMIMAS_B3,2,2,7,3,train
DAMIMAS_A21B_0418,DAMIMAS,B4,DAMIMAS_B4,0,1,7,8,val
DAMIMAS_A21B_0419,DAMIMAS,B3,DAMIMAS_B3,0,4,6,2,train
DAMIMAS_A21B_0420,DAMIMAS,B2,DAMIMAS_B2,0,1,1,0,train
DAMIMAS_A21B_0421,DAMIMAS,B1,DAMIMAS_B1,0,0,0,0,train
DAMIMAS_A21B_0422,DAMIMAS,B3,DAMIMAS_B3,2,0,5,4,train
DAMIMAS_A21B_0423,DAMIMAS,B2,DAMIMAS_B2,2,5,5,2,train
DAMIMAS_A21B_0424,DAMIMAS,B1,DAMIMAS_B1,3,2,3,0,train
DAMIMAS_A21B_0425,DAMIMAS,B3,DAMIMAS_B3,0,3,8,1,train
DAMIMAS_A21B_0426,DAMIMAS,B3,DAMIMAS_B3,0,0,8,2,train
DAMIMAS_A21B_0427,DAMIMAS,B2,DAMIMAS_B2,1,8,5,1,train
DAMIMAS_A21B_0428,DAMIMAS,B3,DAMIMAS_B3,3,3,5,4,train
DAMIMAS_A21B_0429,DAMIMAS,B3,DAMIMAS_B3,3,4,10,5,train
DAMIMAS_A21B_0430,DAMIMAS,B3,DAMIMAS_B3,0,1,10,5,train
DAMIMAS_A21B_0431,DAMIMAS,B3,DAMIMAS_B3,0,2,8,0,train
DAMIMAS_A21B_0432,DAMIMAS,B3,DAMIMAS_B3,0,2,5,1,test
DAMIMAS_A21B_0433,DAMIMAS,B3,DAMIMAS_B3,2,1,8,0,train
DAMIMAS_A21B_0434,DAMIMAS,B3,DAMIMAS_B3,0,2,9,3,train
DAMIMAS_A21B_0435,DAMIMAS,B3,DAMIMAS_B3,2,3,4,0,train
DAMIMAS_A21B_0436,DAMIMAS,B2,DAMIMAS_B2,1,4,4,4,train
DAMIMAS_A21B_0437,DAMIMAS,B3,DAMIMAS_B3,3,3,8,5,test
DAMIMAS_A21B_0438,DAMIMAS,B4,DAMIMAS_B4,0,0,8,9,val
DAMIMAS_A21B_0439,DAMIMAS,B2,DAMIMAS_B2,1,4,1,0,test
DAMIMAS_A21B_0440,DAMIMAS,B3,DAMIMAS_B3,0,4,8,4,train
DAMIMAS_A21B_0441,DAMIMAS,B3,DAMIMAS_B3,1,4,7,2,train
DAMIMAS_A21B_0442,DAMIMAS,B3,DAMIMAS_B3,0,1,7,7,train
DAMIMAS_A21B_0443,DAMIMAS,B2,DAMIMAS_B2,1,6,5,2,val
DAMIMAS_A21B_0444,DAMIMAS,B3,DAMIMAS_B3,2,0,5,3,test
DAMIMAS_A21B_0445,DAMIMAS,B3,DAMIMAS_B3,2,1,4,4,train
DAMIMAS_A21B_0446,DAMIMAS,B3,DAMIMAS_B3,2,1,7,1,train
DAMIMAS_A21B_0447,DAMIMAS,B2,DAMIMAS_B2,0,7,7,3,test
DAMIMAS_A21B_0448,DAMIMAS,B3,DAMIMAS_B3,1,3,5,3,train
DAMIMAS_A21B_0449,DAMIMAS,B3,DAMIMAS_B3,0,2,11,1,train
DAMIMAS_A21B_0450,DAMIMAS,B3,DAMIMAS_B3,1,1,7,7,train
DAMIMAS_A21B_0451,DAMIMAS,B2,DAMIMAS_B2,1,4,3,1,train
DAMIMAS_A21B_0452,DAMIMAS,B4,DAMIMAS_B4,4,1,3,6,train
DAMIMAS_A21B_0453,DAMIMAS,B3,DAMIMAS_B3,2,1,5,1,train
DAMIMAS_A21B_0454,DAMIMAS,B4,DAMIMAS_B4,0,2,4,8,train
DAMIMAS_A21B_0455,DAMIMAS,B2,DAMIMAS_B2,0,6,5,1,train
DAMIMAS_A21B_0456,DAMIMAS,B3,DAMIMAS_B3,2,2,4,3,train
DAMIMAS_A21B_0457,DAMIMAS,B3,DAMIMAS_B3,2,3,8,4,train
DAMIMAS_A21B_0458,DAMIMAS,B3,DAMIMAS_B3,0,3,6,3,train
DAMIMAS_A21B_0459,DAMIMAS,B1,DAMIMAS_B1,3,3,2,0,train
DAMIMAS_A21B_0460,DAMIMAS,B1,DAMIMAS_B1,4,3,4,4,train
DAMIMAS_A21B_0461,DAMIMAS,B3,DAMIMAS_B3,0,3,8,0,train
DAMIMAS_A21B_0462,DAMIMAS,B3,DAMIMAS_B3,3,0,5,3,val
DAMIMAS_A21B_0463,DAMIMAS,B2,DAMIMAS_B2,1,5,4,1,train
DAMIMAS_A21B_0464,DAMIMAS,B1,DAMIMAS_B1,3,2,2,2,val
DAMIMAS_A21B_0465,DAMIMAS,B3,DAMIMAS_B3,2,1,3,1,train
DAMIMAS_A21B_0466,DAMIMAS,B3,DAMIMAS_B3,0,0,4,3,train
DAMIMAS_A21B_0467,DAMIMAS,B3,DAMIMAS_B3,2,3,5,1,train
DAMIMAS_A21B_0468,DAMIMAS,B4,DAMIMAS_B4,3,2,3,5,test
DAMIMAS_A21B_0469,DAMIMAS,B3,DAMIMAS_B3,0,3,7,3,test
DAMIMAS_A21B_0470,DAMIMAS,B3,DAMIMAS_B3,3,1,5,2,train
DAMIMAS_A21B_0471,DAMIMAS,B2,DAMIMAS_B2,2,6,6,2,test
DAMIMAS_A21B_0472,DAMIMAS,B3,DAMIMAS_B3,0,4,6,5,train
DAMIMAS_A21B_0473,DAMIMAS,B3,DAMIMAS_B3,1,2,3,0,test
DAMIMAS_A21B_0474,DAMIMAS,B4,DAMIMAS_B4,2,3,2,5,val
DAMIMAS_A21B_0475,DAMIMAS,B2,DAMIMAS_B2,0,7,4,2,train
DAMIMAS_A21B_0476,DAMIMAS,B3,DAMIMAS_B3,0,4,5,2,train
DAMIMAS_A21B_0477,DAMIMAS,B3,DAMIMAS_B3,0,0,5,0,train
DAMIMAS_A21B_0478,DAMIMAS,B4,DAMIMAS_B4,3,2,3,6,train
DAMIMAS_A21B_0479,DAMIMAS,B2,DAMIMAS_B2,1,4,3,2,train
DAMIMAS_A21B_0480,DAMIMAS,B3,DAMIMAS_B3,2,2,5,4,test
DAMIMAS_A21B_0481,DAMIMAS,B3,DAMIMAS_B3,1,2,3,1,train
DAMIMAS_A21B_0482,DAMIMAS,B4,DAMIMAS_B4,1,3,4,5,train
DAMIMAS_A21B_0483,DAMIMAS,B2,DAMIMAS_B2,2,5,3,2,train
DAMIMAS_A21B_0484,DAMIMAS,B2,DAMIMAS_B2,1,4,2,3,val
DAMIMAS_A21B_0485,DAMIMAS,B3,DAMIMAS_B3,1,2,6,1,train
DAMIMAS_A21B_0486,DAMIMAS,B4,DAMIMAS_B4,1,1,3,4,train
DAMIMAS_A21B_0487,DAMIMAS,B3,DAMIMAS_B3,0,3,5,1,train
DAMIMAS_A21B_0488,DAMIMAS,B2,DAMIMAS_B2,0,4,2,4,train
DAMIMAS_A21B_0489,DAMIMAS,B3,DAMIMAS_B3,0,0,8,2,train
DAMIMAS_A21B_0490,DAMIMAS,B4,DAMIMAS_B4,3,1,4,5,train
DAMIMAS_A21B_0491,DAMIMAS,B3,DAMIMAS_B3,3,4,5,0,train
DAMIMAS_A21B_0492,DAMIMAS,B3,DAMIMAS_B3,2,3,4,4,val
DAMIMAS_A21B_0493,DAMIMAS,B3,DAMIMAS_B3,1,3,4,2,train
DAMIMAS_A21B_0494,DAMIMAS,B4,DAMIMAS_B4,2,2,5,8,test
DAMIMAS_A21B_0495,DAMIMAS,B3,DAMIMAS_B3,1,4,5,0,train
DAMIMAS_A21B_0496,DAMIMAS,B2,DAMIMAS_B2,2,4,2,4,train
DAMIMAS_A21B_0497,DAMIMAS,B3,DAMIMAS_B3,1,4,9,4,train
DAMIMAS_A21B_0498,DAMIMAS,B4,DAMIMAS_B4,4,1,4,8,train
DAMIMAS_A21B_0499,DAMIMAS,B3,DAMIMAS_B3,2,3,5,2,train
DAMIMAS_A21B_0500,DAMIMAS,B1,DAMIMAS_B1,3,3,3,2,train
DAMIMAS_A21B_0501,DAMIMAS,B3,DAMIMAS_B3,2,2,6,2,train
DAMIMAS_A21B_0502,DAMIMAS,B4,DAMIMAS_B4,0,3,5,6,test
DAMIMAS_A21B_0503,DAMIMAS,B3,DAMIMAS_B3,2,4,5,3,train
DAMIMAS_A21B_0504,DAMIMAS,B2,DAMIMAS_B2,1,4,3,3,test
DAMIMAS_A21B_0505,DAMIMAS,B3,DAMIMAS_B3,1,0,6,5,train
DAMIMAS_A21B_0506,DAMIMAS,B4,DAMIMAS_B4,3,2,5,8,train
DAMIMAS_A21B_0507,DAMIMAS,B2,DAMIMAS_B2,0,5,4,0,train
DAMIMAS_A21B_0508,DAMIMAS,B2,DAMIMAS_B2,1,6,5,2,train
DAMIMAS_A21B_0509,DAMIMAS,B3,DAMIMAS_B3,1,2,5,2,test
DAMIMAS_A21B_0510,DAMIMAS,B3,DAMIMAS_B3,0,2,6,3,val
DAMIMAS_A21B_0511,DAMIMAS,B2,DAMIMAS_B2,3,5,3,1,train
DAMIMAS_A21B_0512,DAMIMAS,B3,DAMIMAS_B3,1,3,5,4,test
DAMIMAS_A21B_0513,DAMIMAS,B3,DAMIMAS_B3,0,1,6,0,val
DAMIMAS_A21B_0514,DAMIMAS,B3,DAMIMAS_B3,0,0,9,5,train
DAMIMAS_A21B_0515,DAMIMAS,B3,DAMIMAS_B3,2,4,5,2,train
DAMIMAS_A21B_0516,DAMIMAS,B2,DAMIMAS_B2,1,2,2,2,train
DAMIMAS_A21B_0517,DAMIMAS,B3,DAMIMAS_B3,2,1,6,4,train
DAMIMAS_A21B_0518,DAMIMAS,B3,DAMIMAS_B3,1,2,7,6,val
DAMIMAS_A21B_0519,DAMIMAS,B1,DAMIMAS_B1,0,0,0,0,val
DAMIMAS_A21B_0520,DAMIMAS,B1,DAMIMAS_B1,2,2,2,2,train
DAMIMAS_A21B_0521,DAMIMAS,B2,DAMIMAS_B2,1,3,2,3,train
DAMIMAS_A21B_0522,DAMIMAS,B2,DAMIMAS_B2,0,6,3,2,val
DAMIMAS_A21B_0523,DAMIMAS,B2,DAMIMAS_B2,2,8,3,1,train
DAMIMAS_A21B_0524,DAMIMAS,B4,DAMIMAS_B4,2,2,3,6,train
DAMIMAS_A21B_0525,DAMIMAS,B3,DAMIMAS_B3,1,2,5,0,train
DAMIMAS_A21B_0526,DAMIMAS,B3,DAMIMAS_B3,0,1,10,1,train
DAMIMAS_A21B_0527,DAMIMAS,B3,DAMIMAS_B3,0,4,5,0,train
DAMIMAS_A21B_0528,DAMIMAS,B2,DAMIMAS_B2,0,1,0,0,train
DAMIMAS_A21B_0529,DAMIMAS,B3,DAMIMAS_B3,0,0,7,3,train
DAMIMAS_A21B_0530,DAMIMAS,B3,DAMIMAS_B3,2,2,6,5,train
DAMIMAS_A21B_0531,DAMIMAS,B2,DAMIMAS_B2,2,5,5,2,train
DAMIMAS_A21B_0532,DAMIMAS,B3,DAMIMAS_B3,2,2,6,1,train
DAMIMAS_A21B_0533,DAMIMAS,B3,DAMIMAS_B3,1,2,7,3,train
DAMIMAS_A21B_0534,DAMIMAS,B3,DAMIMAS_B3,1,1,4,3,train
DAMIMAS_A21B_0535,DAMIMAS,B1,DAMIMAS_B1,3,3,3,1,test
DAMIMAS_A21B_0536,DAMIMAS,B3,DAMIMAS_B3,2,2,4,2,train
DAMIMAS_A21B_0537,DAMIMAS,B3,DAMIMAS_B3,1,1,6,1,train
DAMIMAS_A21B_0538,DAMIMAS,B3,DAMIMAS_B3,0,2,6,5,val
DAMIMAS_A21B_0539,DAMIMAS,B3,DAMIMAS_B3,4,3,5,3,train
DAMIMAS_A21B_0540,DAMIMAS,B1,DAMIMAS_B1,3,0,3,3,val
DAMIMAS_A21B_0541,DAMIMAS,B3,DAMIMAS_B3,2,1,3,2,train
DAMIMAS_A21B_0542,DAMIMAS,B3,DAMIMAS_B3,2,2,5,4,val
DAMIMAS_A21B_0543,DAMIMAS,B1,DAMIMAS_B1,2,2,2,0,test
DAMIMAS_A21B_0544,DAMIMAS,B4,DAMIMAS_B4,2,3,3,5,train
DAMIMAS_A21B_0545,DAMIMAS,B3,DAMIMAS_B3,1,0,9,1,train
DAMIMAS_A21B_0546,DAMIMAS,B3,DAMIMAS_B3,2,4,7,4,val
DAMIMAS_A21B_0547,DAMIMAS,B3,DAMIMAS_B3,1,5,6,0,train
DAMIMAS_A21B_0548,DAMIMAS,B3,DAMIMAS_B3,1,3,5,2,train
DAMIMAS_A21B_0549,DAMIMAS,B3,DAMIMAS_B3,1,0,4,0,train
DAMIMAS_A21B_0550,DAMIMAS,B2,DAMIMAS_B2,2,4,3,4,val
DAMIMAS_A21B_0551,DAMIMAS,B3,DAMIMAS_B3,2,3,8,2,train
DAMIMAS_A21B_0552,DAMIMAS,B1,DAMIMAS_B1,3,3,2,1,train
DAMIMAS_A21B_0553,DAMIMAS,B3,DAMIMAS_B3,1,2,5,3,train
DAMIMAS_A21B_0554,DAMIMAS,B3,DAMIMAS_B3,2,3,7,6,train
DAMIMAS_A21B_0555,DAMIMAS,B2,DAMIMAS_B2,0,3,3,2,train
DAMIMAS_A21B_0556,DAMIMAS,B2,DAMIMAS_B2,2,4,4,3,train
DAMIMAS_A21B_0557,DAMIMAS,B3,DAMIMAS_B3,1,1,6,4,train
DAMIMAS_A21B_0558,DAMIMAS,B2,DAMIMAS_B2,0,4,4,3,val
DAMIMAS_A21B_0559,DAMIMAS,B4,DAMIMAS_B4,0,0,0,8,train
DAMIMAS_A21B_0560,DAMIMAS,B3,DAMIMAS_B3,0,0,5,0,train
DAMIMAS_A21B_0561,DAMIMAS,B3,DAMIMAS_B3,1,2,9,3,train
DAMIMAS_A21B_0562,DAMIMAS,B3,DAMIMAS_B3,1,4,5,3,train
DAMIMAS_A21B_0563,DAMIMAS,B2,DAMIMAS_B2,3,4,4,0,train
DAMIMAS_A21B_0564,DAMIMAS,B3,DAMIMAS_B3,4,2,6,2,train
DAMIMAS_A21B_0565,DAMIMAS,B3,DAMIMAS_B3,0,0,8,4,train
DAMIMAS_A21B_0566,DAMIMAS,B2,DAMIMAS_B2,0,6,5,2,train
DAMIMAS_A21B_0567,DAMIMAS,B3,DAMIMAS_B3,2,5,6,1,train
DAMIMAS_A21B_0568,DAMIMAS,B3,DAMIMAS_B3,2,3,5,3,train
DAMIMAS_A21B_0569,DAMIMAS,B3,DAMIMAS_B3,2,2,7,2,train
DAMIMAS_A21B_0570,DAMIMAS,B3,DAMIMAS_B3,0,3,7,3,train
DAMIMAS_A21B_0571,DAMIMAS,B2,DAMIMAS_B2,3,6,5,1,train
DAMIMAS_A21B_0572,DAMIMAS,B2,DAMIMAS_B2,2,3,3,1,val
DAMIMAS_A21B_0573,DAMIMAS,B3,DAMIMAS_B3,0,4,6,5,train
DAMIMAS_A21B_0574,DAMIMAS,B3,DAMIMAS_B3,0,1,4,2,train
DAMIMAS_A21B_0575,DAMIMAS,B3,DAMIMAS_B3,3,4,6,2,test
DAMIMAS_A21B_0576,DAMIMAS,B3,DAMIMAS_B3,3,4,6,1,train
DAMIMAS_A21B_0577,DAMIMAS,B3,DAMIMAS_B3,3,0,4,2,train
DAMIMAS_A21B_0578,DAMIMAS,B2,DAMIMAS_B2,1,5,1,0,train
DAMIMAS_A21B_0579,DAMIMAS,B3,DAMIMAS_B3,5,3,6,1,test
DAMIMAS_A21B_0580,DAMIMAS,B3,DAMIMAS_B3,2,4,6,1,train
DAMIMAS_A21B_0581,DAMIMAS,B3,DAMIMAS_B3,1,3,5,2,train
DAMIMAS_A21B_0582,DAMIMAS,B2,DAMIMAS_B2,2,6,5,2,train
DAMIMAS_A21B_0583,DAMIMAS,B2,DAMIMAS_B2,1,2,0,0,train
DAMIMAS_A21B_0584,DAMIMAS,B3,DAMIMAS_B3,1,3,5,1,train
DAMIMAS_A21B_0585,DAMIMAS,B3,DAMIMAS_B3,2,2,4,3,train
DAMIMAS_A21B_0586,DAMIMAS,B3,DAMIMAS_B3,0,3,4,2,train
DAMIMAS_A21B_0587,DAMIMAS,B1,DAMIMAS_B1,3,0,0,0,test
DAMIMAS_A21B_0588,DAMIMAS,B1,DAMIMAS_B1,4,3,3,2,train
DAMIMAS_A21B_0589,DAMIMAS,B3,DAMIMAS_B3,1,2,10,1,val
DAMIMAS_A21B_0590,DAMIMAS,B1,DAMIMAS_B1,4,2,4,4,train
DAMIMAS_A21B_0591,DAMIMAS,B2,DAMIMAS_B2,2,5,5,1,train
DAMIMAS_A21B_0592,DAMIMAS,B3,DAMIMAS_B3,1,1,6,0,train
DAMIMAS_A21B_0593,DAMIMAS,B4,DAMIMAS_B4,0,0,1,2,test
DAMIMAS_A21B_0594,DAMIMAS,B2,DAMIMAS_B2,4,5,3,3,val
DAMIMAS_A21B_0595,DAMIMAS,B3,DAMIMAS_B3,3,4,6,0,train
DAMIMAS_A21B_0596,DAMIMAS,B3,DAMIMAS_B3,0,2,8,4,train
DAMIMAS_A21B_0597,DAMIMAS,B3,DAMIMAS_B3,0,0,8,0,train
DAMIMAS_A21B_0598,DAMIMAS,B3,DAMIMAS_B3,1,3,5,1,train
DAMIMAS_A21B_0599,DAMIMAS,B3,DAMIMAS_B3,3,4,6,2,train
DAMIMAS_A21B_0600,DAMIMAS,B3,DAMIMAS_B3,3,2,7,4,val
DAMIMAS_A21B_0601,DAMIMAS,B3,DAMIMAS_B3,0,0,5,1,train
DAMIMAS_A21B_0602,DAMIMAS,B3,DAMIMAS_B3,4,4,5,3,train
DAMIMAS_A21B_0603,DAMIMAS,B2,DAMIMAS_B2,2,4,3,1,test
DAMIMAS_A21B_0604,DAMIMAS,B2,DAMIMAS_B2,0,3,2,1,test
DAMIMAS_A21B_0605,DAMIMAS,B3,DAMIMAS_B3,2,2,6,3,train
DAMIMAS_A21B_0606,DAMIMAS,B2,DAMIMAS_B2,1,5,4,4,train
DAMIMAS_A21B_0607,DAMIMAS,B1,DAMIMAS_B1,4,4,4,1,train
DAMIMAS_A21B_0608,DAMIMAS,B3,DAMIMAS_B3,0,2,8,3,train
DAMIMAS_A21B_0609,DAMIMAS,B3,DAMIMAS_B3,1,2,5,3,train
DAMIMAS_A21B_0610,DAMIMAS,B2,DAMIMAS_B2,0,6,4,2,train
DAMIMAS_A21B_0611,DAMIMAS,B2,DAMIMAS_B2,0,6,5,0,train
DAMIMAS_A21B_0612,DAMIMAS,B3,DAMIMAS_B3,0,1,8,0,train
DAMIMAS_A21B_0613,DAMIMAS,B3,DAMIMAS_B3,0,1,4,1,train
DAMIMAS_A21B_0614,DAMIMAS,B2,DAMIMAS_B2,2,5,5,4,train
DAMIMAS_A21B_0615,DAMIMAS,B2,DAMIMAS_B2,3,5,3,1,train
DAMIMAS_A21B_0616,DAMIMAS,B3,DAMIMAS_B3,2,2,5,4,train
DAMIMAS_A21B_0617,DAMIMAS,B3,DAMIMAS_B3,3,3,5,1,train
DAMIMAS_A21B_0618,DAMIMAS,B2,DAMIMAS_B2,3,4,2,1,val
DAMIMAS_A21B_0619,DAMIMAS,B1,DAMIMAS_B1,6,4,6,0,test
DAMIMAS_A21B_0620,DAMIMAS,B3,DAMIMAS_B3,2,1,9,2,train
DAMIMAS_A21B_0621,DAMIMAS,B3,DAMIMAS_B3,3,3,8,2,train
DAMIMAS_A21B_0622,DAMIMAS,B2,DAMIMAS_B2,2,6,3,2,train
DAMIMAS_A21B_0623,DAMIMAS,B2,DAMIMAS_B2,2,5,5,0,train
DAMIMAS_A21B_0624,DAMIMAS,B3,DAMIMAS_B3,3,1,8,2,train
DAMIMAS_A21B_0625,DAMIMAS,B3,DAMIMAS_B3,0,3,9,3,train
DAMIMAS_A21B_0626,DAMIMAS,B4,DAMIMAS_B4,1,4,4,5,train
DAMIMAS_A21B_0627,DAMIMAS,B2,DAMIMAS_B2,2,4,4,0,train
DAMIMAS_A21B_0628,DAMIMAS,B3,DAMIMAS_B3,0,2,7,3,test
DAMIMAS_A21B_0629,DAMIMAS,B3,DAMIMAS_B3,2,0,6,1,train
DAMIMAS_A21B_0630,DAMIMAS,B2,DAMIMAS_B2,1,5,3,3,train
DAMIMAS_A21B_0631,DAMIMAS,B2,DAMIMAS_B2,0,3,3,0,train
DAMIMAS_A21B_0632,DAMIMAS,B3,DAMIMAS_B3,3,4,10,4,train
DAMIMAS_A21B_0633,DAMIMAS,B3,DAMIMAS_B3,0,0,2,0,train
DAMIMAS_A21B_0634,DAMIMAS,B2,DAMIMAS_B2,4,5,4,3,train
DAMIMAS_A21B_0635,DAMIMAS,B2,DAMIMAS_B2,3,7,5,3,train
DAMIMAS_A21B_0636,DAMIMAS,B3,DAMIMAS_B3,0,1,7,3,train
DAMIMAS_A21B_0637,DAMIMAS,B1,DAMIMAS_B1,2,0,2,1,train
DAMIMAS_A21B_0638,DAMIMAS,B1,DAMIMAS_B1,4,3,4,1,train
DAMIMAS_A21B_0639,DAMIMAS,B3,DAMIMAS_B3,2,1,10,1,test
DAMIMAS_A21B_0640,DAMIMAS,B3,DAMIMAS_B3,1,3,7,3,train
DAMIMAS_A21B_0641,DAMIMAS,B3,DAMIMAS_B3,3,3,5,4,train
DAMIMAS_A21B_0642,DAMIMAS,B3,DAMIMAS_B3,1,1,3,3,train
DAMIMAS_A21B_0643,DAMIMAS,B1,DAMIMAS_B1,0,0,0,0,train
DAMIMAS_A21B_0644,DAMIMAS,B3,DAMIMAS_B3,0,2,7,3,train
DAMIMAS_A21B_0645,DAMIMAS,B3,DAMIMAS_B3,0,0,5,2,val
DAMIMAS_A21B_0646,DAMIMAS,B3,DAMIMAS_B3,0,4,5,2,test
DAMIMAS_A21B_0647,DAMIMAS,B3,DAMIMAS_B3,0,4,7,0,train
DAMIMAS_A21B_0648,DAMIMAS,B3,DAMIMAS_B3,0,0,8,3,train
DAMIMAS_A21B_0649,DAMIMAS,B3,DAMIMAS_B3,0,1,9,3,val
DAMIMAS_A21B_0650,DAMIMAS,B3,DAMIMAS_B3,2,2,6,3,train
DAMIMAS_A21B_0651,DAMIMAS,B3,DAMIMAS_B3,2,2,5,4,train
DAMIMAS_A21B_0652,DAMIMAS,B3,DAMIMAS_B3,2,3,4,2,train
DAMIMAS_A21B_0653,DAMIMAS,B3,DAMIMAS_B3,2,1,6,3,train
DAMIMAS_A21B_0654,DAMIMAS,B2,DAMIMAS_B2,3,6,3,4,train
DAMIMAS_A21B_0655,DAMIMAS,B3,DAMIMAS_B3,2,1,7,2,train
DAMIMAS_A21B_0656,DAMIMAS,B3,DAMIMAS_B3,2,0,9,5,val
DAMIMAS_A21B_0657,DAMIMAS,B3,DAMIMAS_B3,1,2,7,5,train
DAMIMAS_A21B_0658,DAMIMAS,B3,DAMIMAS_B3,1,2,3,1,train
DAMIMAS_A21B_0659,DAMIMAS,B3,DAMIMAS_B3,1,1,8,2,train
DAMIMAS_A21B_0660,DAMIMAS,B3,DAMIMAS_B3,0,2,5,3,train
DAMIMAS_A21B_0661,DAMIMAS,B3,DAMIMAS_B3,1,2,8,3,train
DAMIMAS_A21B_0662,DAMIMAS,B4,DAMIMAS_B4,0,0,1,2,train
DAMIMAS_A21B_0663,DAMIMAS,B3,DAMIMAS_B3,0,2,9,3,train
DAMIMAS_A21B_0664,DAMIMAS,B3,DAMIMAS_B3,1,2,9,3,train
DAMIMAS_A21B_0665,DAMIMAS,B3,DAMIMAS_B3,3,3,6,1,train
DAMIMAS_A21B_0666,DAMIMAS,B3,DAMIMAS_B3,0,0,4,3,train
DAMIMAS_A21B_0667,DAMIMAS,B3,DAMIMAS_B3,2,1,6,2,train
DAMIMAS_A21B_0668,DAMIMAS,B3,DAMIMAS_B3,2,1,7,5,train
DAMIMAS_A21B_0669,DAMIMAS,B3,DAMIMAS_B3,3,1,9,3,train
DAMIMAS_A21B_0670,DAMIMAS,B4,DAMIMAS_B4,1,3,2,5,val
DAMIMAS_A21B_0671,DAMIMAS,B3,DAMIMAS_B3,1,1,8,3,train
DAMIMAS_A21B_0672,DAMIMAS,B3,DAMIMAS_B3,1,2,6,4,train
DAMIMAS_A21B_0673,DAMIMAS,B3,DAMIMAS_B3,2,1,7,2,train
DAMIMAS_A21B_0674,DAMIMAS,B3,DAMIMAS_B3,2,2,4,2,train
DAMIMAS_A21B_0675,DAMIMAS,B3,DAMIMAS_B3,1,2,5,5,train
DAMIMAS_A21B_0676,DAMIMAS,B3,DAMIMAS_B3,1,3,6,5,train
DAMIMAS_A21B_0677,DAMIMAS,B3,DAMIMAS_B3,2,2,5,5,train
DAMIMAS_A21B_0678,DAMIMAS,B2,DAMIMAS_B2,1,4,4,2,train
DAMIMAS_A21B_0679,DAMIMAS,B3,DAMIMAS_B3,0,4,7,3,train
DAMIMAS_A21B_0680,DAMIMAS,B3,DAMIMAS_B3,0,3,11,3,train
DAMIMAS_A21B_0681,DAMIMAS,B3,DAMIMAS_B3,2,1,10,4,train
DAMIMAS_A21B_0682,DAMIMAS,B4,DAMIMAS_B4,3,2,3,5,train
DAMIMAS_A21B_0683,DAMIMAS,B3,DAMIMAS_B3,2,2,7,5,train
DAMIMAS_A21B_0684,DAMIMAS,B3,DAMIMAS_B3,1,2,10,2,train
DAMIMAS_A21B_0685,DAMIMAS,B3,DAMIMAS_B3,2,1,6,4,train
DAMIMAS_A21B_0686,DAMIMAS,B3,DAMIMAS_B3,3,2,6,2,val
DAMIMAS_A21B_0687,DAMIMAS,B3,DAMIMAS_B3,0,3,7,3,train
DAMIMAS_A21B_0688,DAMIMAS,B3,DAMIMAS_B3,2,1,8,4,train
DAMIMAS_A21B_0689,DAMIMAS,B3,DAMIMAS_B3,0,4,5,5,train
DAMIMAS_A21B_0690,DAMIMAS,B4,DAMIMAS_B4,1,1,2,4,test
DAMIMAS_A21B_0691,DAMIMAS,B3,DAMIMAS_B3,0,2,7,3,train
DAMIMAS_A21B_0692,DAMIMAS,B3,DAMIMAS_B3,1,2,5,1,train
DAMIMAS_A21B_0693,DAMIMAS,B3,DAMIMAS_B3,1,2,9,3,val
DAMIMAS_A21B_0694,DAMIMAS,B3,DAMIMAS_B3,2,0,6,0,val
DAMIMAS_A21B_0695,DAMIMAS,B3,DAMIMAS_B3,2,2,6,4,train
DAMIMAS_A21B_0696,DAMIMAS,B3,DAMIMAS_B3,0,1,7,3,train
DAMIMAS_A21B_0697,DAMIMAS,B3,DAMIMAS_B3,1,1,7,3,train
DAMIMAS_A21B_0698,DAMIMAS,B3,DAMIMAS_B3,3,0,5,4,train
DAMIMAS_A21B_0699,DAMIMAS,B3,DAMIMAS_B3,0,2,5,5,test
DAMIMAS_A21B_0700,DAMIMAS,B1,DAMIMAS_B1,3,2,3,3,train
DAMIMAS_A21B_0701,DAMIMAS,B3,DAMIMAS_B3,1,2,9,2,train
DAMIMAS_A21B_0702,DAMIMAS,B3,DAMIMAS_B3,1,0,5,2,train
DAMIMAS_A21B_0703,DAMIMAS,B3,DAMIMAS_B3,2,2,8,1,train
DAMIMAS_A21B_0704,DAMIMAS,B3,DAMIMAS_B3,0,3,6,4,val
DAMIMAS_A21B_0705,DAMIMAS,B3,DAMIMAS_B3,2,2,7,3,train
DAMIMAS_A21B_0706,DAMIMAS,B3,DAMIMAS_B3,3,0,5,4,train
DAMIMAS_A21B_0707,DAMIMAS,B3,DAMIMAS_B3,0,2,10,2,train
DAMIMAS_A21B_0708,DAMIMAS,B3,DAMIMAS_B3,1,2,7,4,train
DAMIMAS_A21B_0709,DAMIMAS,B3,DAMIMAS_B3,3,2,6,4,train
DAMIMAS_A21B_0710,DAMIMAS,B3,DAMIMAS_B3,3,2,5,2,train
DAMIMAS_A21B_0711,DAMIMAS,B3,DAMIMAS_B3,2,2,6,2,train
DAMIMAS_A21B_0712,DAMIMAS,B3,DAMIMAS_B3,1,2,7,2,train
DAMIMAS_A21B_0713,DAMIMAS,B3,DAMIMAS_B3,1,2,5,2,train
DAMIMAS_A21B_0714,DAMIMAS,B4,DAMIMAS_B4,0,3,5,6,train
DAMIMAS_A21B_0715,DAMIMAS,B3,DAMIMAS_B3,2,2,7,2,train
DAMIMAS_A21B_0716,DAMIMAS,B3,DAMIMAS_B3,1,2,9,2,train
DAMIMAS_A21B_0717,DAMIMAS,B3,DAMIMAS_B3,2,2,6,3,train
DAMIMAS_A21B_0718,DAMIMAS,B3,DAMIMAS_B3,3,2,4,4,train
DAMIMAS_A21B_0719,DAMIMAS,B3,DAMIMAS_B3,2,1,8,0,train
DAMIMAS_A21B_0720,DAMIMAS,B3,DAMIMAS_B3,3,0,9,1,train
DAMIMAS_A21B_0721,DAMIMAS,B3,DAMIMAS_B3,2,2,9,2,train
DAMIMAS_A21B_0722,DAMIMAS,B3,DAMIMAS_B3,1,2,7,2,train
DAMIMAS_A21B_0723,DAMIMAS,B3,DAMIMAS_B3,2,4,7,4,train
DAMIMAS_A21B_0724,DAMIMAS,B2,DAMIMAS_B2,1,3,2,1,test
DAMIMAS_A21B_0725,DAMIMAS,B3,DAMIMAS_B3,0,2,4,1,train
DAMIMAS_A21B_0726,DAMIMAS,B3,DAMIMAS_B3,2,2,8,2,train
DAMIMAS_A21B_0727,DAMIMAS,B3,DAMIMAS_B3,3,1,10,3,train
DAMIMAS_A21B_0728,DAMIMAS,B3,DAMIMAS_B3,2,2,6,4,train
DAMIMAS_A21B_0729,DAMIMAS,B3,DAMIMAS_B3,3,1,9,1,train
DAMIMAS_A21B_0730,DAMIMAS,B3,DAMIMAS_B3,2,2,3,1,train
DAMIMAS_A21B_0731,DAMIMAS,B3,DAMIMAS_B3,0,0,6,0,val
DAMIMAS_A21B_0732,DAMIMAS,B3,DAMIMAS_B3,0,0,6,4,train
DAMIMAS_A21B_0733,DAMIMAS,B3,DAMIMAS_B3,0,0,6,4,train
DAMIMAS_A21B_0734,DAMIMAS,B3,DAMIMAS_B3,1,1,5,2,test
DAMIMAS_A21B_0735,DAMIMAS,B3,DAMIMAS_B3,0,0,8,1,val
DAMIMAS_A21B_0736,DAMIMAS,B3,DAMIMAS_B3,0,1,8,2,train
DAMIMAS_A21B_0737,DAMIMAS,B3,DAMIMAS_B3,0,0,5,2,train
DAMIMAS_A21B_0738,DAMIMAS,B3,DAMIMAS_B3,0,0,9,1,train
DAMIMAS_A21B_0739,DAMIMAS,B3,DAMIMAS_B3,0,0,7,4,train
DAMIMAS_A21B_0740,DAMIMAS,B3,DAMIMAS_B3,1,1,7,4,train
DAMIMAS_A21B_0741,DAMIMAS,B3,DAMIMAS_B3,1,2,6,3,train
DAMIMAS_A21B_0742,DAMIMAS,B3,DAMIMAS_B3,1,1,2,0,train
DAMIMAS_A21B_0743,DAMIMAS,B4,DAMIMAS_B4,0,0,4,5,train
DAMIMAS_A21B_0744,DAMIMAS,B3,DAMIMAS_B3,0,2,5,0,test
DAMIMAS_A21B_0745,DAMIMAS,B3,DAMIMAS_B3,2,0,9,4,train
DAMIMAS_A21B_0746,DAMIMAS,B3,DAMIMAS_B3,1,2,6,3,train
DAMIMAS_A21B_0747,DAMIMAS,B3,DAMIMAS_B3,0,3,8,4,train
DAMIMAS_A21B_0748,DAMIMAS,B3,DAMIMAS_B3,2,0,8,3,train
DAMIMAS_A21B_0749,DAMIMAS,B3,DAMIMAS_B3,2,2,7,3,train
DAMIMAS_A21B_0750,DAMIMAS,B3,DAMIMAS_B3,0,0,5,1,train
DAMIMAS_A21B_0751,DAMIMAS,B3,DAMIMAS_B3,2,2,6,1,test
DAMIMAS_A21B_0752,DAMIMAS,B3,DAMIMAS_B3,1,1,4,0,train
DAMIMAS_A21B_0753,DAMIMAS,B3,DAMIMAS_B3,1,1,6,0,train
DAMIMAS_A21B_0754,DAMIMAS,B1,DAMIMAS_B1,1,1,0,0,train
DAMIMAS_A21B_0755,DAMIMAS,B3,DAMIMAS_B3,1,1,5,2,train
DAMIMAS_A21B_0756,DAMIMAS,B3,DAMIMAS_B3,0,0,8,4,val
DAMIMAS_A21B_0757,DAMIMAS,B3,DAMIMAS_B3,0,1,10,0,train
DAMIMAS_A21B_0758,DAMIMAS,B2,DAMIMAS_B2,1,3,0,2,train
DAMIMAS_A21B_0759,DAMIMAS,B3,DAMIMAS_B3,0,0,6,5,train
DAMIMAS_A21B_0760,DAMIMAS,B3,DAMIMAS_B3,0,0,5,3,train
DAMIMAS_A21B_0761,DAMIMAS,B3,DAMIMAS_B3,1,2,7,3,train
DAMIMAS_A21B_0762,DAMIMAS,B3,DAMIMAS_B3,0,1,4,0,test
DAMIMAS_A21B_0763,DAMIMAS,B3,DAMIMAS_B3,0,0,1,0,train
DAMIMAS_A21B_0764,DAMIMAS,B3,DAMIMAS_B3,0,1,4,2,train
DAMIMAS_A21B_0765,DAMIMAS,B3,DAMIMAS_B3,2,1,4,2,train
DAMIMAS_A21B_0766,DAMIMAS,B3,DAMIMAS_B3,1,1,3,2,val
DAMIMAS_A21B_0767,DAMIMAS,B3,DAMIMAS_B3,1,2,4,1,train
DAMIMAS_A21B_0768,DAMIMAS,B3,DAMIMAS_B3,2,1,5,0,train
DAMIMAS_A21B_0769,DAMIMAS,B3,DAMIMAS_B3,0,1,10,4,train
DAMIMAS_A21B_0770,DAMIMAS,B3,DAMIMAS_B3,0,2,7,2,train
DAMIMAS_A21B_0771,DAMIMAS,B3,DAMIMAS_B3,0,3,4,1,train
DAMIMAS_A21B_0772,DAMIMAS,B1,DAMIMAS_B1,2,0,2,0,train
DAMIMAS_A21B_0773,DAMIMAS,B3,DAMIMAS_B3,1,1,5,1,val
DAMIMAS_A21B_0774,DAMIMAS,B3,DAMIMAS_B3,1,1,6,0,train
DAMIMAS_A21B_0775,DAMIMAS,B3,DAMIMAS_B3,0,2,7,0,train
DAMIMAS_A21B_0776,DAMIMAS,B3,DAMIMAS_B3,1,1,4,2,train
DAMIMAS_A21B_0777,DAMIMAS,B3,DAMIMAS_B3,2,0,3,3,train
DAMIMAS_A21B_0778,DAMIMAS,B3,DAMIMAS_B3,0,0,5,3,train
DAMIMAS_A21B_0779,DAMIMAS,B3,DAMIMAS_B3,1,1,4,0,train
DAMIMAS_A21B_0780,DAMIMAS,B4,DAMIMAS_B4,0,0,1,4,train
DAMIMAS_A21B_0781,DAMIMAS,B3,DAMIMAS_B3,0,4,5,3,test
DAMIMAS_A21B_0782,DAMIMAS,B3,DAMIMAS_B3,0,0,3,1,train
DAMIMAS_A21B_0783,DAMIMAS,B3,DAMIMAS_B3,1,2,8,3,train
DAMIMAS_A21B_0784,DAMIMAS,B3,DAMIMAS_B3,0,3,4,1,train
DAMIMAS_A21B_0785,DAMIMAS,B3,DAMIMAS_B3,0,2,4,0,train
DAMIMAS_A21B_0786,DAMIMAS,B1,DAMIMAS_B1,1,1,1,0,train
DAMIMAS_A21B_0787,DAMIMAS,B3,DAMIMAS_B3,0,3,4,0,val
DAMIMAS_A21B_0788,DAMIMAS,B3,DAMIMAS_B3,0,1,7,3,val
DAMIMAS_A21B_0789,DAMIMAS,B2,DAMIMAS_B2,2,5,4,5,train
DAMIMAS_A21B_0790,DAMIMAS,B3,DAMIMAS_B3,2,0,6,0,train
DAMIMAS_A21B_0791,DAMIMAS,B3,DAMIMAS_B3,0,1,4,0,train
DAMIMAS_A21B_0792,DAMIMAS,B3,DAMIMAS_B3,0,3,7,2,train
DAMIMAS_A21B_0793,DAMIMAS,B1,DAMIMAS_B1,0,0,0,0,train
DAMIMAS_A21B_0794,DAMIMAS,B3,DAMIMAS_B3,0,2,9,0,train
DAMIMAS_A21B_0795,DAMIMAS,B3,DAMIMAS_B3,1,1,3,0,train
DAMIMAS_A21B_0796,DAMIMAS,B3,DAMIMAS_B3,0,0,5,1,test
DAMIMAS_A21B_0797,DAMIMAS,B2,DAMIMAS_B2,1,4,2,0,train
DAMIMAS_A21B_0798,DAMIMAS,B3,DAMIMAS_B3,1,2,4,0,test
DAMIMAS_A21B_0799,DAMIMAS,B3,DAMIMAS_B3,0,0,5,3,train
DAMIMAS_A21B_0800,DAMIMAS,B3,DAMIMAS_B3,0,2,5,3,train
DAMIMAS_A21B_0801,DAMIMAS,B2,DAMIMAS_B2,1,4,2,3,train
DAMIMAS_A21B_0802,DAMIMAS,B4,DAMIMAS_B4,1,2,2,4,train
DAMIMAS_A21B_0803,DAMIMAS,B3,DAMIMAS_B3,1,1,8,4,train
DAMIMAS_A21B_0804,DAMIMAS,B3,DAMIMAS_B3,1,2,5,1,train
DAMIMAS_A21B_0805,DAMIMAS,B2,DAMIMAS_B2,2,4,3,3,train
DAMIMAS_A21B_0806,DAMIMAS,B3,DAMIMAS_B3,1,0,5,1,test
DAMIMAS_A21B_0807,DAMIMAS,B4,DAMIMAS_B4,0,1,1,10,train
DAMIMAS_A21B_0808,DAMIMAS,B4,DAMIMAS_B4,2,1,3,4,train
DAMIMAS_A21B_0809,DAMIMAS,B3,DAMIMAS_B3,2,2,6,2,train
DAMIMAS_A21B_0810,DAMIMAS,B3,DAMIMAS_B3,1,1,8,4,train
DAMIMAS_A21B_0811,DAMIMAS,B3,DAMIMAS_B3,2,1,14,0,train
DAMIMAS_A21B_0812,DAMIMAS,B3,DAMIMAS_B3,2,4,5,0,train
DAMIMAS_A21B_0813,DAMIMAS,B3,DAMIMAS_B3,1,0,6,3,train
DAMIMAS_A21B_0814,DAMIMAS,B3,DAMIMAS_B3,0,0,6,1,test
DAMIMAS_A21B_0815,DAMIMAS,B3,DAMIMAS_B3,1,2,9,2,test
DAMIMAS_A21B_0816,DAMIMAS,B3,DAMIMAS_B3,1,4,13,1,val
DAMIMAS_A21B_0817,DAMIMAS,B1,DAMIMAS_B1,3,2,3,0,train
DAMIMAS_A21B_0818,DAMIMAS,B3,DAMIMAS_B3,0,4,6,0,val
DAMIMAS_A21B_0819,DAMIMAS,B3,DAMIMAS_B3,0,2,11,3,train
DAMIMAS_A21B_0820,DAMIMAS,B3,DAMIMAS_B3,0,2,8,0,test
DAMIMAS_A21B_0821,DAMIMAS,B3,DAMIMAS_B3,2,2,4,1,train
DAMIMAS_A21B_0822,DAMIMAS,B3,DAMIMAS_B3,1,1,10,0,train
DAMIMAS_A21B_0823,DAMIMAS,B3,DAMIMAS_B3,2,1,9,2,train
DAMIMAS_A21B_0824,DAMIMAS,B2,DAMIMAS_B2,2,5,3,0,val
DAMIMAS_A21B_0825,DAMIMAS,B3,DAMIMAS_B3,2,0,7,3,train
DAMIMAS_A21B_0826,DAMIMAS,B2,DAMIMAS_B2,0,3,3,0,train
DAMIMAS_A21B_0827,DAMIMAS,B3,DAMIMAS_B3,1,1,8,5,train
DAMIMAS_A21B_0828,DAMIMAS,B3,DAMIMAS_B3,2,6,8,0,train
DAMIMAS_A21B_0829,DAMIMAS,B3,DAMIMAS_B3,2,1,6,2,train
DAMIMAS_A21B_0830,DAMIMAS,B3,DAMIMAS_B3,3,2,6,0,train
DAMIMAS_A21B_0831,DAMIMAS,B3,DAMIMAS_B3,1,2,7,3,val
DAMIMAS_A21B_0832,DAMIMAS,B3,DAMIMAS_B3,0,4,5,1,train
DAMIMAS_A21B_0833,DAMIMAS,B3,DAMIMAS_B3,2,1,4,0,test
DAMIMAS_A21B_0834,DAMIMAS,B2,DAMIMAS_B2,1,6,5,3,train
DAMIMAS_A21B_0835,DAMIMAS,B3,DAMIMAS_B3,0,0,15,4,train
DAMIMAS_A21B_0836,DAMIMAS,B3,DAMIMAS_B3,3,2,4,0,train
DAMIMAS_A21B_0837,DAMIMAS,B3,DAMIMAS_B3,2,1,9,1,train
DAMIMAS_A21B_0838,DAMIMAS,B4,DAMIMAS_B4,0,1,4,7,train
DAMIMAS_A21B_0839,DAMIMAS,B3,DAMIMAS_B3,1,1,6,1,val
DAMIMAS_A21B_0840,DAMIMAS,B2,DAMIMAS_B2,2,7,6,0,train
DAMIMAS_A21B_0841,DAMIMAS,B3,DAMIMAS_B3,3,0,4,2,test
DAMIMAS_A21B_0842,DAMIMAS,B3,DAMIMAS_B3,2,3,7,2,train
DAMIMAS_A21B_0843,DAMIMAS,B3,DAMIMAS_B3,0,1,9,3,train
DAMIMAS_A21B_0844,DAMIMAS,B3,DAMIMAS_B3,1,4,9,2,test
DAMIMAS_A21B_0845,DAMIMAS,B4,DAMIMAS_B4,1,0,3,4,val
DAMIMAS_A21B_0846,DAMIMAS,B2,DAMIMAS_B2,0,4,3,0,train
DAMIMAS_A21B_0847,DAMIMAS,B3,DAMIMAS_B3,1,4,10,1,test
DAMIMAS_A21B_0848,DAMIMAS,B3,DAMIMAS_B3,0,1,4,0,val
DAMIMAS_A21B_0849,DAMIMAS,B3,DAMIMAS_B3,1,1,4,1,train
DAMIMAS_A21B_0850,DAMIMAS,B3,DAMIMAS_B3,1,2,6,4,val
DAMIMAS_A21B_0851,DAMIMAS,B3,DAMIMAS_B3,0,5,13,3,train
DAMIMAS_A21B_0852,DAMIMAS,B2,DAMIMAS_B2,2,3,0,0,test
DAMIMAS_A21B_0853,DAMIMAS,B3,DAMIMAS_B3,2,2,8,1,train
DAMIMAS_A21B_0854,DAMIMAS,B3,DAMIMAS_B3,3,3,5,4,val
LONSUM_A21A_0001,LONSUM,B3,LONSUM_B3,0,0,5,0,train
LONSUM_A21A_0002,LONSUM,B2,LONSUM_B2,0,4,2,0,train
LONSUM_A21A_0003,LONSUM,B4,LONSUM_B4,0,0,4,6,train
LONSUM_A21A_0004,LONSUM,B3,LONSUM_B3,0,4,6,0,test
LONSUM_A21A_0005,LONSUM,B3,LONSUM_B3,0,0,5,2,train
LONSUM_A21A_0006,LONSUM,B2,LONSUM_B2,1,2,2,2,val
LONSUM_A21A_0007,LONSUM,B3,LONSUM_B3,0,0,7,0,train
LONSUM_A21A_0008,LONSUM,B3,LONSUM_B3,0,0,2,0,train
LONSUM_A21A_0009,LONSUM,B3,LONSUM_B3,1,1,3,3,val
LONSUM_A21A_0010,LONSUM,B2,LONSUM_B2,0,4,3,1,train
LONSUM_A21A_0011,LONSUM,B3,LONSUM_B3,0,1,10,1,val
LONSUM_A21A_0012,LONSUM,B2,LONSUM_B2,0,2,2,1,train
LONSUM_A21A_0013,LONSUM,B3,LONSUM_B3,0,0,3,0,train
LONSUM_A21A_0014,LONSUM,B3,LONSUM_B3,0,0,4,1,train
LONSUM_A21A_0015,LONSUM,B3,LONSUM_B3,0,0,6,3,train
LONSUM_A21A_0016,LONSUM,B3,LONSUM_B3,0,0,2,0,train
LONSUM_A21A_0017,LONSUM,B3,LONSUM_B3,0,0,2,0,train
LONSUM_A21A_0018,LONSUM,B3,LONSUM_B3,0,2,3,1,train
LONSUM_A21A_0019,LONSUM,B3,LONSUM_B3,0,1,7,1,val
LONSUM_A21A_0020,LONSUM,B3,LONSUM_B3,0,1,3,0,train
LONSUM_A21A_0021,LONSUM,B3,LONSUM_B3,0,1,5,1,train
LONSUM_A21A_0022,LONSUM,B2,LONSUM_B2,0,3,2,0,train
LONSUM_A21A_0023,LONSUM,B3,LONSUM_B3,0,0,8,0,test
LONSUM_A21A_0024,LONSUM,B3,LONSUM_B3,0,0,1,1,train
LONSUM_A21A_0025,LONSUM,B3,LONSUM_B3,0,0,4,1,train
LONSUM_A21A_0026,LONSUM,B3,LONSUM_B3,0,1,3,1,train
LONSUM_A21A_0027,LONSUM,B3,LONSUM_B3,0,0,5,4,train
LONSUM_A21A_0028,LONSUM,B3,LONSUM_B3,0,1,8,1,train
LONSUM_A21A_0029,LONSUM,B3,LONSUM_B3,0,2,6,2,test
LONSUM_A21A_0030,LONSUM,B2,LONSUM_B2,0,1,0,0,train
LONSUM_A21A_0031,LONSUM,B3,LONSUM_B3,0,1,6,0,train
LONSUM_A21A_0032,LONSUM,B3,LONSUM_B3,0,0,1,0,train
LONSUM_A21A_0033,LONSUM,B3,LONSUM_B3,0,0,3,1,train
LONSUM_A21A_0034,LONSUM,B3,LONSUM_B3,1,1,5,2,train
LONSUM_A21A_0035,LONSUM,B3,LONSUM_B3,0,0,6,1,train
LONSUM_A21A_0036,LONSUM,B3,LONSUM_B3,0,1,6,0,train
LONSUM_A21A_0037,LONSUM,B4,LONSUM_B4,0,0,0,2,train
LONSUM_A21A_0038,LONSUM,B4,LONSUM_B4,0,2,1,4,train
LONSUM_A21A_0039,LONSUM,B3,LONSUM_B3,0,0,7,0,test
LONSUM_A21A_0040,LONSUM,B3,LONSUM_B3,0,0,4,0,train
LONSUM_A21A_0041,LONSUM,B3,LONSUM_B3,0,0,3,0,train
LONSUM_A21A_0042,LONSUM,B3,LONSUM_B3,0,0,1,1,train
LONSUM_A21A_0043,LONSUM,B3,LONSUM_B3,0,0,4,1,train
LONSUM_A21A_0044,LONSUM,B3,LONSUM_B3,0,1,8,0,train
LONSUM_A21A_0045,LONSUM,B3,LONSUM_B3,1,1,4,0,val
LONSUM_A21A_0046,LONSUM,B3,LONSUM_B3,0,0,1,1,train
LONSUM_A21A_0047,LONSUM,B3,LONSUM_B3,0,0,5,3,test
LONSUM_A21A_0048,LONSUM,B3,LONSUM_B3,0,2,4,0,test
LONSUM_A21A_0049,LONSUM,B3,LONSUM_B3,0,0,1,1,train
LONSUM_A21A_0050,LONSUM,B2,LONSUM_B2,0,4,3,2,train
LONSUM_A21A_0051,LONSUM,B3,LONSUM_B3,0,0,6,0,train
LONSUM_A21A_0052,LONSUM,B3,LONSUM_B3,0,0,4,0,train
LONSUM_A21A_0053,LONSUM,B3,LONSUM_B3,1,1,3,1,train
LONSUM_A21A_0054,LONSUM,B2,LONSUM_B2,0,3,3,1,test
LONSUM_A21A_0055,LONSUM,B3,LONSUM_B3,0,0,6,1,train
LONSUM_A21A_0056,LONSUM,B3,LONSUM_B3,0,0,7,0,train
LONSUM_A21A_0057,LONSUM,B3,LONSUM_B3,0,0,2,1,train
LONSUM_A21A_0058,LONSUM,B3,LONSUM_B3,0,3,4,4,test
LONSUM_A21A_0059,LONSUM,B3,LONSUM_B3,0,0,9,2,train
LONSUM_A21A_0060,LONSUM,B3,LONSUM_B3,0,1,4,0,train
LONSUM_A21A_0061,LONSUM,B3,LONSUM_B3,1,0,5,0,train
LONSUM_A21A_0062,LONSUM,B3,LONSUM_B3,0,3,4,2,train
LONSUM_A21A_0063,LONSUM,B3,LONSUM_B3,0,1,6,4,train
LONSUM_A21A_0064,LONSUM,B3,LONSUM_B3,1,0,4,0,train
LONSUM_A21A_0065,LONSUM,B3,LONSUM_B3,0,0,5,3,train
LONSUM_A21A_0066,LONSUM,B3,LONSUM_B3,0,2,3,3,train
LONSUM_A21A_0067,LONSUM,B3,LONSUM_B3,0,3,6,1,train
LONSUM_A21A_0068,LONSUM,B3,LONSUM_B3,0,2,7,0,train
LONSUM_A21A_0069,LONSUM,B4,LONSUM_B4,0,0,1,3,train
LONSUM_A21A_0070,LONSUM,B2,LONSUM_B2,0,3,3,1,train
LONSUM_A21A_0071,LONSUM,B3,LONSUM_B3,0,1,3,0,train
LONSUM_A21A_0072,LONSUM,B3,LONSUM_B3,0,0,1,0,train
LONSUM_A21A_0073,LONSUM,B3,LONSUM_B3,0,0,1,1,train
LONSUM_A21A_0074,LONSUM,B3,LONSUM_B3,0,0,3,1,train
LONSUM_A21A_0075,LONSUM,B3,LONSUM_B3,0,0,6,1,train
LONSUM_A21A_0076,LONSUM,B3,LONSUM_B3,0,1,4,0,val
LONSUM_A21A_0077,LONSUM,B4,LONSUM_B4,0,0,2,3,val
LONSUM_A21A_0078,LONSUM,B3,LONSUM_B3,0,3,5,2,train
LONSUM_A21A_0079,LONSUM,B3,LONSUM_B3,0,0,5,0,train
LONSUM_A21A_0080,LONSUM,B3,LONSUM_B3,0,0,3,0,train
LONSUM_A21A_0081,LONSUM,B3,LONSUM_B3,0,0,2,2,train
LONSUM_A21A_0082,LONSUM,B3,LONSUM_B3,0,0,2,1,train
LONSUM_A21A_0083,LONSUM,B3,LONSUM_B3,0,0,9,0,test
LONSUM_A21A_0084,LONSUM,B3,LONSUM_B3,0,0,3,0,train
LONSUM_A21A_0085,LONSUM,B3,LONSUM_B3,0,0,1,1,val
LONSUM_A21A_0086,LONSUM,B3,LONSUM_B3,0,1,4,2,train
LONSUM_A21A_0087,LONSUM,B3,LONSUM_B3,0,0,5,0,train
LONSUM_A21A_0088,LONSUM,B3,LONSUM_B3,0,4,7,0,train
LONSUM_A21A_0089,LONSUM,B1,LONSUM_B1,0,0,0,0,train
LONSUM_A21A_0090,LONSUM,B3,LONSUM_B3,0,0,3,2,val
LONSUM_A21A_0091,LONSUM,B3,LONSUM_B3,0,0,10,1,train
LONSUM_A21A_0092,LONSUM,B3,LONSUM_B3,0,0,8,0,train
LONSUM_A21A_0093,LONSUM,B3,LONSUM_B3,0,0,4,0,train
LONSUM_A21A_0094,LONSUM,B3,LONSUM_B3,1,1,4,1,train
LONSUM_A21A_0095,LONSUM,B3,LONSUM_B3,0,0,5,2,train
LONSUM_A21A_0096,LONSUM,B3,LONSUM_B3,0,0,6,0,train
LONSUM_A21A_0097,LONSUM,B4,LONSUM_B4,0,0,1,2,train
LONSUM_A21A_0098,LONSUM,B2,LONSUM_B2,0,2,1,1,train
LONSUM_A21A_0099,LONSUM,B3,LONSUM_B3,0,0,9,1,val
